query,edges,serial_ms,parallel_ms,speedup,pos_serial,pos_parallel,neg_serial,neg_parallel,status
Q_gen_001,9,15632.5,5149.59,3.04,31241029,31241029,0,0,PASS
Q_gen_002,14,624.213,1610.95,0.39,447332,447332,0,0,PASS
Q_gen_003,14,513.274,925.076,0.55,1437352,1423552,0,0,MISMATCH
Q_gen_004,9,6562.52,4674.22,1.40,120410580,120410580,0,0,PASS
Q_gen_005,20,477.374,769.214,0.62,17060,17060,0,0,PASS
Q_gen_006,23,465.301,701.651,0.66,14071,14071,0,0,PASS
Q_gen_007,11,974.926,1878.96,0.52,2033087,2033087,0,0,PASS
Q_gen_008,9,4187.21,7168.89,0.58,11626240,11626240,0,0,PASS
Q_gen_009,7,skip,timeout,N/A,skip,?,skip,?,PAR_TIMEOUT
Q_gen_010,19,470.082,703.784,0.67,28166,28166,0,0,PASS
Q_gen_011,17,509.08,921.435,0.55,44189,44189,0,0,PASS
Q_gen_012,21,461.181,677.159,0.68,14939,14939,0,0,PASS
Q_gen_013,10,3040.01,2558.07,1.19,36900183,36900183,0,0,PASS
Q_gen_014,8,182775,115561,1.58,5956176444,5956176444,0,0,PASS
Q_gen_015,21,497.609,746.259,0.67,14764,14764,0,0,PASS
Q_gen_016,11,1085.3,1635.98,0.66,7942467,7942467,0,0,PASS
Q_gen_017,22,463.3,725.641,0.64,15387,15387,0,0,PASS
Q_gen_018,8,33097.8,13586.1,2.44,154327668,154327668,0,0,PASS
Q_gen_019,10,1949.46,2595.95,0.75,2173740,2173740,0,0,PASS
Q_gen_020,23,500.724,857.615,0.58,11300,11300,0,0,PASS
Q_gen_021,10,2375.18,5907.37,0.40,24410380,24410380,0,0,PASS
Q_gen_022,9,6171.35,4832.05,1.28,151367916,151367916,0,0,PASS
Q_gen_023,20,462.298,743.085,0.62,22166,22166,0,0,PASS
Q_gen_024,21,459.346,696.481,0.66,17009,17009,0,0,PASS
Q_gen_025,7,115735,49171.8,2.35,2290999595,2290999595,0,0,PASS
Q_gen_026,10,7543.07,3535.65,2.13,14232483,14232483,0,0,PASS
Q_gen_027,12,853.932,1590.4,0.54,559223,559223,0,0,PASS
Q_gen_028,10,2142.87,2446.79,0.88,13133737,13133737,0,0,PASS
Q_gen_029,14,652.832,1365.98,0.48,150013,150013,0,0,PASS
Q_gen_030,10,2057.12,2703.45,0.76,8822293,8822293,0,0,PASS
Q_gen_031,23,490.92,773.447,0.63,9979,9979,0,0,PASS
Q_gen_032,10,4413.95,3019.11,1.46,38512861,38512861,0,0,PASS
Q_gen_033,18,435.271,659.613,0.66,91565,91565,0,0,PASS
Q_gen_034,8,68236,40044.6,1.70,1326325875,1326325875,0,0,PASS
Q_gen_035,15,553.888,1135.31,0.49,494340,494340,0,0,PASS
Q_gen_036,18,460.277,720.266,0.64,120408,120408,0,0,PASS
Q_gen_037,19,469.618,909.294,0.52,27533,27533,0,0,PASS
Q_gen_038,21,453.451,711.942,0.64,18274,18274,0,0,PASS
Q_gen_039,8,84076.7,59546.7,1.41,2637562599,2637562599,0,0,PASS
Q_gen_040,19,513.067,871.964,0.59,24071,24071,0,0,PASS
Q_gen_041,7,skip,timeout,N/A,skip,?,skip,?,PAR_TIMEOUT
Q_gen_042,15,456.33,794.03,0.57,121955,121955,0,0,PASS
Q_gen_043,11,984.449,2017,0.49,2053387,2053387,0,0,PASS
Q_gen_044,7,skip,timeout,N/A,skip,?,skip,?,PAR_TIMEOUT
Q_gen_045,16,512.445,1039.23,0.49,49072,49072,0,0,PASS
Q_gen_046,14,494.203,971.326,0.51,1178430,1178430,0,0,PASS
Q_gen_047,14,599.13,1267.27,0.47,194127,194127,0,0,PASS
Q_gen_048,18,423.902,678.335,0.62,63217,63217,0,0,PASS
Q_gen_049,20,515.046,857.49,0.60,23904,23904,0,0,PASS
Q_gen_050,22,486.59,812.301,0.60,13872,13872,0,0,PASS
Q_gen_051,15,485.348,956.011,0.51,339330,339330,0,0,PASS
Q_gen_052,13,614.267,1608.54,0.38,518062,501265,0,0,MISMATCH
Q_gen_053,22,468.09,665.475,0.70,12592,12592,0,0,PASS
Q_gen_054,16,495.822,985.987,0.50,90365,90365,0,0,PASS
Q_gen_055,14,649.586,1307.41,0.50,108207,108207,0,0,PASS
Q_gen_056,23,475.934,689.2,0.69,12363,12363,0,0,PASS
Q_gen_057,7,158855,77540.9,2.05,3348071039,3348071039,0,0,PASS
Q_gen_058,23,477.005,736.716,0.65,14295,14295,0,0,PASS
Q_gen_059,8,skip,timeout,N/A,skip,?,skip,?,PAR_TIMEOUT
Q_gen_060,12,940.107,1804.84,0.52,1225363,1225363,0,0,PASS
Q_gen_061,17,468.295,781.808,0.60,65392,64869,0,0,MISMATCH
Q_gen_062,13,679.716,1530.41,0.44,242262,242262,0,0,PASS
Q_gen_063,13,674.348,1446.86,0.47,172047,172047,0,0,PASS
Q_gen_064,20,497.577,760.853,0.65,43728,43728,0,0,PASS
Q_gen_065,14,508.865,953.925,0.53,1355617,1355617,0,0,PASS
Q_gen_066,7,skip,timeout,N/A,skip,?,skip,?,PAR_TIMEOUT
Q_gen_067,21,448.932,673.039,0.67,20150,20150,0,0,PASS
Q_gen_068,17,451.611,766.95,0.59,56647,56647,0,0,PASS
Q_gen_069,12,842.659,1628.3,0.52,1301056,1301056,0,0,PASS
Q_gen_070,13,685.892,1224.8,0.56,2704105,2704105,0,0,PASS
Q_gen_071,18,476.158,785.609,0.61,29407,29407,0,0,PASS
Q_gen_072,22,457.657,711.867,0.64,15315,15315,0,0,PASS
Q_gen_073,21,468.369,724.271,0.65,15344,15344,0,0,PASS
Q_gen_074,22,471.687,720.523,0.65,18192,18192,0,0,PASS
Q_gen_075,9,5132.06,6574.26,0.78,92797988,92797988,0,0,PASS
Q_gen_076,14,661.512,1170.93,0.56,195515,195515,0,0,PASS
Q_gen_077,10,2096.51,2442.87,0.86,7240812,7240812,0,0,PASS
Q_gen_078,19,446.118,714.656,0.62,39778,39778,0,0,PASS
Q_gen_079,16,475.38,789.317,0.60,51073,51073,0,0,PASS
Q_gen_080,8,67437.5,41327.2,1.63,2371319405,2371319405,0,0,PASS
Q_gen_081,16,494.012,951.592,0.52,69980,69980,0,0,PASS
Q_gen_082,8,9867.68,5182.67,1.90,39826054,39826054,0,0,PASS
Q_gen_083,13,606.896,1173.92,0.52,2502920,2479548,0,0,MISMATCH
Q_gen_084,19,458.155,737.019,0.62,38070,38070,0,0,PASS
Q_gen_085,12,1013.32,2154.56,0.47,770462,770462,0,0,PASS
Q_gen_086,14,553.296,1093.85,0.51,177005,177005,0,0,PASS
Q_gen_087,14,702.706,1452.96,0.48,445291,445291,0,0,PASS
Q_gen_088,17,479.687,918.636,0.52,48698,48698,0,0,PASS
Q_gen_089,10,2022.06,3375.11,0.60,26501040,26501040,0,0,PASS
Q_gen_090,20,439.07,680.105,0.65,26888,26888,0,0,PASS
Q_gen_091,23,480.201,724.309,0.66,14651,14651,0,0,PASS
Q_gen_092,17,443.281,709.713,0.62,47025,45778,0,0,MISMATCH
Q_gen_093,7,122264,65610.2,1.86,3642371610,3642371610,0,0,PASS
Q_gen_094,15,571.347,1006.95,0.57,100134,100134,0,0,PASS
Q_gen_095,11,1460.92,2716.62,0.54,2819665,2819665,0,0,PASS
Q_gen_096,20,445.169,703.265,0.63,21679,21679,0,0,PASS
Q_gen_097,19,487.873,814.962,0.60,28878,28506,0,0,MISMATCH
Q_gen_098,14,642.328,1480.37,0.43,298840,298840,0,0,PASS
Q_gen_099,23,460.441,734.486,0.63,15152,15152,0,0,PASS
Q_gen_100,22,471.296,714.976,0.66,15371,15371,0,0,PASS
Q_gen_101,20,444.909,686.542,0.65,21041,21041,0,0,PASS
Q_gen_102,20,478.615,741.353,0.65,15812,15812,0,0,PASS
Q_gen_103,23,470.904,744.376,0.63,13769,13769,0,0,PASS
Q_gen_104,13,640.235,1282.02,0.50,350932,350932,0,0,PASS
Q_gen_105,12,1041.33,1427.52,0.73,4361295,4361295,0,0,PASS
Q_gen_106,16,464.492,818.435,0.57,59841,59841,0,0,PASS
Q_gen_107,9,142033,79147,1.79,3897690010,3897690010,0,0,PASS
Q_gen_108,21,465.878,719.197,0.65,13871,13871,0,0,PASS
Q_gen_109,18,444.937,806.366,0.55,95988,95988,0,0,PASS
Q_gen_110,20,492.795,788.806,0.62,17730,17730,0,0,PASS
Q_gen_111,21,460.506,712.508,0.65,16470,16470,0,0,PASS
Q_gen_112,16,506.013,1065.71,0.47,76247,76247,0,0,PASS
Q_gen_113,10,skip,timeout,N/A,skip,?,skip,?,PAR_TIMEOUT
Q_gen_114,17,477.91,846.67,0.56,36987,36987,0,0,PASS
Q_gen_115,13,531.95,965.028,0.55,645363,628777,0,0,MISMATCH
Q_gen_116,16,455.582,766.478,0.59,49647,48372,0,0,MISMATCH
Q_gen_117,14,608.029,1322.72,0.46,166555,166555,0,0,PASS
Q_gen_118,17,497.336,968.851,0.51,52694,52694,0,0,PASS
Q_gen_119,19,473.79,778.095,0.61,22884,22884,0,0,PASS
Q_gen_120,19,447.352,711.41,0.63,30744,30744,0,0,PASS
Q_gen_121,19,450.517,769.696,0.59,21984,21984,0,0,PASS
Q_gen_122,19,462.806,744.439,0.62,27508,27508,0,0,PASS
Q_gen_123,17,543.591,1156.08,0.47,38780,38780,0,0,PASS
Q_gen_124,19,480.449,825.566,0.58,21408,21408,0,0,PASS
Q_gen_125,10,1489.7,2352.71,0.63,2915289,2915289,0,0,PASS
Q_gen_126,16,520.092,1192.37,0.44,64416,64416,0,0,PASS
Q_gen_127,15,496.05,875.581,0.57,124887,122284,0,0,MISMATCH
Q_gen_128,10,2694.57,3802.61,0.71,3252138,3252138,0,0,PASS
Q_gen_129,23,465.129,698.244,0.67,14408,14408,0,0,PASS
Q_gen_130,17,471.371,793.649,0.59,35475,35475,0,0,PASS
Q_gen_131,23,500.008,775.556,0.64,12552,12552,0,0,PASS
Q_gen_132,22,465.385,752.878,0.62,14118,14118,0,0,PASS
Q_gen_133,21,429.8,666.462,0.64,22918,22918,0,0,PASS
Q_gen_134,11,1028.34,1820.92,0.56,4197311,4197311,0,0,PASS
Q_gen_135,12,1105.87,2084.16,0.53,549399,549399,0,0,PASS
Q_gen_136,23,474.22,732.455,0.65,11458,11458,0,0,PASS
Q_gen_137,23,488.174,738.556,0.66,15634,15634,0,0,PASS
Q_gen_138,14,594.633,1381.73,0.43,204021,194845,0,0,MISMATCH
Q_gen_139,12,1047.85,2723.57,0.38,15869903,15721666,0,0,MISMATCH
Q_gen_140,11,1684.89,2405.73,0.70,2902596,2902596,0,0,PASS
Q_gen_141,7,skip,timeout,N/A,skip,?,skip,?,PAR_TIMEOUT
Q_gen_142,19,438.556,678.24,0.65,28608,28608,0,0,PASS
Q_gen_143,23,471.709,715.809,0.66,14818,14818,0,0,PASS
Q_gen_144,19,455.579,725.2,0.63,26334,26334,0,0,PASS
Q_gen_145,16,463.552,863.377,0.54,114538,112664,0,0,MISMATCH
Q_gen_146,17,516.462,1184.2,0.44,33490,33490,0,0,PASS
Q_gen_147,10,11343.6,8736.75,1.30,376357353,376357353,0,0,PASS
Q_gen_148,10,3466.44,3048.12,1.14,1628879,1628879,0,0,PASS
Q_gen_149,18,470.506,794.627,0.59,29490,29490,0,0,PASS
Q_gen_150,8,51803.5,31471.4,1.65,866283178,866283178,0,0,PASS
Q_gen_151,8,skip,timeout,N/A,skip,?,skip,?,PAR_TIMEOUT
Q_gen_152,19,441.748,690.189,0.64,30963,30963,0,0,PASS
Q_gen_153,18,458.435,737.944,0.62,42030,42030,0,0,PASS
Q_gen_154,14,594.67,949.689,0.63,535168,535168,0,0,PASS
Q_gen_155,8,75616.3,33105.7,2.28,1374740198,1374740198,0,0,PASS
Q_gen_156,18,596.796,1044.56,0.57,31133,31133,0,0,PASS
Q_gen_157,16,571.717,1294.25,0.44,66629,66629,0,0,PASS
Q_gen_158,19,478.977,686.059,0.70,34813,34813,0,0,PASS
Q_gen_159,9,5997.9,7621.19,0.79,13042908,13042908,0,0,PASS
Q_gen_160,10,1285.21,2496.81,0.51,10297448,10297448,0,0,PASS
Q_gen_161,20,473.721,764.499,0.62,18697,18697,0,0,PASS
Q_gen_162,8,26210.8,18012.9,1.46,687473601,687473601,0,0,PASS
Q_gen_163,18,427.447,686.797,0.62,65775,65775,0,0,PASS
Q_gen_164,13,683.509,1422.01,0.48,277069,277069,0,0,PASS
Q_gen_165,17,468.158,845.31,0.55,56136,56136,0,0,PASS
Q_gen_166,15,573.768,1107.61,0.52,754710,754710,0,0,PASS
Q_gen_167,23,456.356,725.08,0.63,12380,12380,0,0,PASS
Q_gen_168,23,428.615,728.527,0.59,9527,9527,0,0,PASS
Q_gen_169,20,419.373,654.297,0.64,64326,64326,0,0,PASS
Q_gen_170,13,782.191,2122.35,0.37,542894,542894,0,0,PASS
Q_gen_171,10,20297.6,15778.7,1.29,746997646,746997646,0,0,PASS
Q_gen_172,9,2880.3,5708.4,0.50,34355018,34355018,0,0,PASS
Q_gen_173,20,399.338,611.344,0.65,30408,30408,0,0,PASS
Q_gen_174,19,416.053,652.688,0.64,56079,56079,0,0,PASS
Q_gen_175,20,431.615,702.823,0.61,20779,20779,0,0,PASS
Q_gen_176,17,467.298,977.073,0.48,38544,36915,0,0,MISMATCH
Q_gen_177,21,440.735,685.259,0.64,15064,15064,0,0,PASS
Q_gen_178,21,469.487,923.967,0.51,19199,19199,0,0,PASS
Q_gen_179,20,431.748,698.376,0.62,25121,25121,0,0,PASS
Q_gen_180,19,419.22,666.767,0.63,28463,28463,0,0,PASS
Q_gen_181,7,skip,timeout,N/A,skip,?,skip,?,PAR_TIMEOUT
Q_gen_182,16,480.951,741.723,0.65,77478,77478,0,0,PASS
Q_gen_183,22,421.225,630.869,0.67,17158,17158,0,0,PASS
Q_gen_184,8,67976.3,45675.2,1.49,2107579459,2107579459,0,0,PASS
Q_gen_185,19,452.69,843.948,0.54,23710,23710,0,0,PASS
Q_gen_186,19,414.149,659.516,0.63,26437,26437,0,0,PASS
Q_gen_187,8,155932,103551,1.51,5703170341,5703170341,0,0,PASS
Q_gen_188,19,406.981,664.483,0.61,23625,23625,0,0,PASS
Q_gen_189,16,480.785,1038.37,0.46,49453,49453,0,0,PASS
Q_gen_190,13,688.392,1382.95,0.50,265736,265736,0,0,PASS
Q_gen_191,11,14152,12864,1.10,509189970,509189970,0,0,PASS
Q_gen_192,7,skip,timeout,N/A,skip,?,skip,?,PAR_TIMEOUT
Q_gen_193,10,5432.16,3528.07,1.54,8729331,8729331,0,0,PASS
Q_gen_194,23,455.568,745.754,0.61,12096,12096,0,0,PASS
Q_gen_195,10,1380.43,2672.9,0.52,9378937,9378937,0,0,PASS
Q_gen_196,9,52517.9,32963.5,1.59,1814315804,1814315804,0,0,PASS
Q_gen_197,16,463.518,1837.41,0.25,63844,63844,0,0,PASS
Q_gen_198,8,27465.6,16335,1.68,303656890,303656890,0,0,PASS
Q_gen_199,12,771.354,1455.63,0.53,2945063,2945063,0,0,PASS
Q_gen_200,12,976.192,1742.83,0.56,939296,939296,0,0,PASS
