query,vertices,edges,positive_matches,cpu_16core_ms,gpu_v100_ms,speedup,counts_equal,source
A001_10v_11e.graph,10,11,20326085409,269455.0,4049.23,66.544750,True,bootstrap
A002_10v_11e.graph,10,11,29109608999,388241.0,5607.06,69.241456,True,bootstrap
A003_10v_11e.graph,10,11,24108380768,365705.0,5614.88,65.131401,True,bootstrap
A004_10v_12e.graph,10,12,7989861858,116898.0,1702.16,68.676270,True,bootstrap
A005_10v_11e.graph,10,11,13555433046,238546.0,3921.62,60.828433,True,bootstrap
A006_8v_10e.graph,8,10,1398235023,35691.3,786.469,45.381699723701765,True,/home/haibin/tpds/ParaCOSM/ParaCOSM/CSM/generated_gpu_speedup_queries/amazon_auto_50/rounds/round_0001/screening_results.csv
A007_9v_9e.graph,9,9,5845335096,213724.0,3342.25,63.94614406462712,True,/home/haibin/tpds/ParaCOSM/ParaCOSM/CSM/generated_gpu_speedup_queries/amazon_auto_50/rounds/round_0002/screening_results.csv
A008_9v_10e.graph,9,10,236364947,17720.3,880.256,20.13084829867675,True,/home/haibin/tpds/ParaCOSM/ParaCOSM/CSM/generated_gpu_speedup_queries/amazon_auto_50/rounds/round_0002/screening_results.csv
A009_10v_12e.graph,10,12,2654919485,44151.0,1229.44,35.91147188964081,True,/home/haibin/tpds/ParaCOSM/ParaCOSM/CSM/generated_gpu_speedup_queries/amazon_auto_50/rounds/round_0003/screening_results.csv
A010_8v_9e.graph,8,9,1129566130,20035.8,852.808,23.493916567386798,True,/home/haibin/tpds/ParaCOSM/ParaCOSM/CSM/generated_gpu_speedup_queries/amazon_auto_50/rounds/round_0006/screening_results.csv
A011_9v_9e.graph,9,9,6374675547,143700.0,1961.76,73.25055052605823,True,/home/haibin/tpds/ParaCOSM/ParaCOSM/CSM/generated_gpu_speedup_queries/amazon_auto_50/rounds/round_0007/screening_results.csv
A012_9v_9e.graph,9,9,1919067976,76382.8,1142.0,66.88511383537653,True,/home/haibin/tpds/ParaCOSM/ParaCOSM/CSM/generated_gpu_speedup_queries/amazon_auto_50/rounds/round_0007/screening_results.csv
A013_9v_9e.graph,9,9,4422462494,123618.0,2536.84,48.72912757603948,True,/home/haibin/tpds/ParaCOSM/ParaCOSM/CSM/generated_gpu_speedup_queries/amazon_auto_50/rounds/round_0007/screening_results.csv
A014_10v_11e.graph,10,11,6193222719,129202.0,1648.65,78.3683619931459,True,/home/haibin/tpds/ParaCOSM/ParaCOSM/CSM/generated_gpu_speedup_queries/amazon_auto_50/rounds/round_0008/screening_results.csv
A015_10v_11e.graph,10,11,27742370126,341438.0,6038.88,56.539954428635774,True,/home/haibin/tpds/ParaCOSM/ParaCOSM/CSM/generated_gpu_speedup_queries/amazon_auto_50/rounds/round_0008/screening_results.csv
A016_11v_12e.graph,11,12,4984846406,154474.0,7635.18,20.23187403571363,True,/home/haibin/tpds/ParaCOSM/ParaCOSM/CSM/generated_gpu_speedup_queries/amazon_auto_50/rounds/round_0009/screening_results.csv
A017_8v_10e.graph,8,10,56838694,42089.6,837.064,50.28241568147716,True,/home/haibin/tpds/ParaCOSM/ParaCOSM/CSM/generated_gpu_speedup_queries/amazon_auto_50/rounds/round_0011/screening_results.csv
A018_8v_10e.graph,8,10,1203340877,25252.2,784.518,32.1881715907092,True,/home/haibin/tpds/ParaCOSM/ParaCOSM/CSM/generated_gpu_speedup_queries/amazon_auto_50/rounds/round_0011/screening_results.csv
A019_8v_10e.graph,8,10,1408756838,22284.2,802.012,27.785369794965664,True,/home/haibin/tpds/ParaCOSM/ParaCOSM/CSM/generated_gpu_speedup_queries/amazon_auto_50/rounds/round_0011/screening_results.csv
A020_9v_10e.graph,9,10,5716427650,79279.7,1327.63,59.71520679707448,True,/home/haibin/tpds/ParaCOSM/ParaCOSM/CSM/generated_gpu_speedup_queries/amazon_auto_50/rounds/round_0012/screening_results.csv
A021_9v_10e.graph,9,10,798328555,19969.2,773.2,25.826694257630624,True,/home/haibin/tpds/ParaCOSM/ParaCOSM/CSM/generated_gpu_speedup_queries/amazon_auto_50/rounds/round_0012/screening_results.csv
A022_10v_12e.graph,10,12,2027645190,40796.4,937.116,43.53399152292779,True,/home/haibin/tpds/ParaCOSM/ParaCOSM/CSM/generated_gpu_speedup_queries/amazon_auto_50/rounds/round_0013/screening_results.csv
A023_10v_11e.graph,10,11,13683457114,212391.0,4960.29,42.81826264190199,True,/home/haibin/tpds/ParaCOSM/ParaCOSM/CSM/generated_gpu_speedup_queries/amazon_auto_50/rounds/round_0013/screening_results.csv
A024_9v_10e.graph,9,10,862728151,22650.6,790.465,28.654779148981927,True,/home/haibin/tpds/ParaCOSM/ParaCOSM/CSM/generated_gpu_speedup_queries/amazon_auto_50/rounds/round_0014/screening_results.csv
A025_9v_11e.graph,9,11,397635118,16299.8,696.779,23.393070112618204,True,/home/haibin/tpds/ParaCOSM/ParaCOSM/CSM/generated_gpu_speedup_queries/amazon_auto_50/rounds/round_0014/screening_results.csv
A026_9v_11e.graph,9,11,669816382,16192.7,755.353,21.43726178356345,True,/home/haibin/tpds/ParaCOSM/ParaCOSM/CSM/generated_gpu_speedup_queries/amazon_auto_50/rounds/round_0014/screening_results.csv
A027_8v_9e.graph,8,9,9860811110,126118.0,1564.99,80.5870964031719,True,/home/haibin/tpds/ParaCOSM/ParaCOSM/CSM/generated_gpu_speedup_queries/amazon_auto_50/rounds/round_0016/screening_results.csv
A028_8v_10e.graph,8,10,420505037,15447.0,684.858,22.55504060695794,True,/home/haibin/tpds/ParaCOSM/ParaCOSM/CSM/generated_gpu_speedup_queries/amazon_auto_50/rounds/round_0016/screening_results.csv
A029_11v_13e.graph,11,13,1344940812,85419.8,3056.59,27.946109880618597,True,/home/haibin/tpds/ParaCOSM/ParaCOSM/CSM/generated_gpu_speedup_queries/amazon_auto_50/rounds/round_0017/screening_results.csv
A030_8v_10e.graph,8,10,331132309,26449.8,680.95,38.84249944929877,True,/home/haibin/tpds/ParaCOSM/ParaCOSM/CSM/generated_gpu_speedup_queries/amazon_auto_50/rounds/round_0019/screening_results.csv
A031_8v_10e.graph,8,10,660203920,20494.7,715.335,28.650492426625288,True,/home/haibin/tpds/ParaCOSM/ParaCOSM/CSM/generated_gpu_speedup_queries/amazon_auto_50/rounds/round_0019/screening_results.csv
A032_8v_9e.graph,8,9,841578363,15542.5,769.666,20.193824334191714,True,/home/haibin/tpds/ParaCOSM/ParaCOSM/CSM/generated_gpu_speedup_queries/amazon_auto_50/rounds/round_0019/screening_results.csv
A033_11v_12e.graph,11,12,9009083364,191146.0,7530.41,25.38321286623172,True,/home/haibin/tpds/ParaCOSM/ParaCOSM/CSM/generated_gpu_speedup_queries/amazon_auto_50/rounds/round_0021/screening_results.csv
A034_11v_13e.graph,11,13,1939569612,153246.0,4355.52,35.18431783116596,True,/home/haibin/tpds/ParaCOSM/ParaCOSM/CSM/generated_gpu_speedup_queries/amazon_auto_50/rounds/round_0023/screening_results.csv
A035_11v_13e.graph,11,13,1432124632,97954.8,4161.82,23.536529691336966,True,/home/haibin/tpds/ParaCOSM/ParaCOSM/CSM/generated_gpu_speedup_queries/amazon_auto_50/rounds/round_0023/screening_results.csv
A036_11v_13e.graph,11,13,1650955854,61713.6,2988.62,20.649530552562723,True,/home/haibin/tpds/ParaCOSM/ParaCOSM/CSM/generated_gpu_speedup_queries/amazon_auto_50/rounds/round_0023/screening_results.csv
A037_11v_12e.graph,11,12,4600671526,172917.0,6877.21,25.143481150059397,True,/home/haibin/tpds/ParaCOSM/ParaCOSM/CSM/generated_gpu_speedup_queries/amazon_auto_50/rounds/round_0025/screening_results.csv
A038_11v_13e.graph,11,13,1356816942,24274.9,1151.61,21.079097958510264,True,/home/haibin/tpds/ParaCOSM/ParaCOSM/CSM/generated_gpu_speedup_queries/amazon_auto_50/rounds/round_0025/screening_results.csv
A039_12v_14e.graph,12,14,17058151859,473366.0,10079.2,46.96464005079768,True,generated_gpu_speedup_queries/debug_new_12v_q3_verified/screening_results.csv
