/home/v-haibinlai/haibin/lj_data/LJ/6v,Q_1,8632,batch_all,11.0,16
/home/v-haibinlai/haibin/lj_data/LJ/6v,Q_10,5113,batch_all,10.9,16
/home/v-haibinlai/haibin/lj_data/LJ/6v,Q_100,74509,batch_all,15.9,16
/home/v-haibinlai/haibin/lj_data/LJ/6v,Q_11,288,batch_all,10.5,16
/home/v-haibinlai/haibin/lj_data/LJ/6v,Q_12,8098,batch_all,10.8,16
/home/v-haibinlai/haibin/lj_data/LJ/6v,Q_13,5124,batch_all,11.7,16
/home/v-haibinlai/haibin/lj_data/LJ/6v,Q_14,27201,batch_all,12.1,16
/home/v-haibinlai/haibin/lj_data/LJ/6v,Q_15,32860,batch_all,12.3,16
/home/v-haibinlai/haibin/lj_data/LJ/6v,Q_16,399,batch_all,10.5,16
/home/v-haibinlai/haibin/lj_data/LJ/6v,Q_17,14631,batch_all,12.4,16
/home/v-haibinlai/haibin/lj_data/LJ/6v,Q_18,820,batch_all,10.6,16
/home/v-haibinlai/haibin/lj_data/LJ/6v,Q_19,CRASH,batch_all,0.0,16
/home/v-haibinlai/haibin/lj_data/LJ/6v,Q_2,78166,batch_all,20.3,16
/home/v-haibinlai/haibin/lj_data/LJ/6v,Q_20,6922,batch_all,11.5,16
/home/v-haibinlai/haibin/lj_data/LJ/6v,Q_21,547,batch_all,11.0,16
/home/v-haibinlai/haibin/lj_data/LJ/6v,Q_22,10571,batch_all,13.3,16
/home/v-haibinlai/haibin/lj_data/LJ/6v,Q_23,58557,batch_all,17.3,16
/home/v-haibinlai/haibin/lj_data/LJ/6v,Q_24,18450,batch_all,12.8,16
/home/v-haibinlai/haibin/lj_data/LJ/6v,Q_25,12364,batch_all,10.9,16
/home/v-haibinlai/haibin/lj_data/LJ/6v,Q_26,7664,batch_all,12.2,16
/home/v-haibinlai/haibin/lj_data/LJ/6v,Q_27,133435,batch_all,26.9,16
/home/v-haibinlai/haibin/lj_data/LJ/6v,Q_28,44816,batch_all,29.2,16
/home/v-haibinlai/haibin/lj_data/LJ/6v,Q_29,12151,batch_all,11.1,16
/home/v-haibinlai/haibin/lj_data/LJ/6v,Q_3,24355,batch_all,14.0,16
/home/v-haibinlai/haibin/lj_data/LJ/6v,Q_30,14883,batch_all,11.6,16
/home/v-haibinlai/haibin/lj_data/LJ/6v,Q_31,15091,batch_all,11.7,16
/home/v-haibinlai/haibin/lj_data/LJ/6v,Q_32,3972,batch_all,11.9,16
/home/v-haibinlai/haibin/lj_data/LJ/6v,Q_33,692,batch_all,10.3,16
/home/v-haibinlai/haibin/lj_data/LJ/6v,Q_34,48106,batch_all,14.1,16
/home/v-haibinlai/haibin/lj_data/LJ/6v,Q_35,25100,batch_all,11.8,16
/home/v-haibinlai/haibin/lj_data/LJ/6v,Q_36,8397,batch_all,11.2,16
/home/v-haibinlai/haibin/lj_data/LJ/6v,Q_37,1210,batch_all,10.4,16
/home/v-haibinlai/haibin/lj_data/LJ/6v,Q_38,3758,batch_all,16.4,16
/home/v-haibinlai/haibin/lj_data/LJ/6v,Q_39,33330,batch_all,14.7,16
/home/v-haibinlai/haibin/lj_data/LJ/6v,Q_4,40520,batch_all,13.9,16
/home/v-haibinlai/haibin/lj_data/LJ/6v,Q_40,7901,batch_all,10.7,16
/home/v-haibinlai/haibin/lj_data/LJ/6v,Q_41,71477,batch_all,18.1,16
/home/v-haibinlai/haibin/lj_data/LJ/6v,Q_42,16724,batch_all,12.3,16
/home/v-haibinlai/haibin/lj_data/LJ/6v,Q_43,33124,batch_all,28.3,16
/home/v-haibinlai/haibin/lj_data/LJ/6v,Q_44,180278,batch_all,29.6,16
/home/v-haibinlai/haibin/lj_data/LJ/6v,Q_45,30297,batch_all,13.2,16
/home/v-haibinlai/haibin/lj_data/LJ/6v,Q_46,23515,batch_all,14.2,16
/home/v-haibinlai/haibin/lj_data/LJ/6v,Q_47,971,batch_all,10.4,16
/home/v-haibinlai/haibin/lj_data/LJ/6v,Q_48,10053,batch_all,10.7,16
/home/v-haibinlai/haibin/lj_data/LJ/6v,Q_49,3220,batch_all,10.7,16
/home/v-haibinlai/haibin/lj_data/LJ/6v,Q_5,1873,batch_all,11.5,16
/home/v-haibinlai/haibin/lj_data/LJ/6v,Q_50,26494,batch_all,15.2,16
/home/v-haibinlai/haibin/lj_data/LJ/6v,Q_51,177089,batch_all,21.6,16
/home/v-haibinlai/haibin/lj_data/LJ/6v,Q_52,46,batch_all,10.0,16
/home/v-haibinlai/haibin/lj_data/LJ/6v,Q_53,12310,batch_all,12.4,16
/home/v-haibinlai/haibin/lj_data/LJ/6v,Q_54,8054,batch_all,12.0,16
/home/v-haibinlai/haibin/lj_data/LJ/6v,Q_55,170476,batch_all,24.3,16
/home/v-haibinlai/haibin/lj_data/LJ/6v,Q_56,66272,batch_all,16.4,16
/home/v-haibinlai/haibin/lj_data/LJ/6v,Q_57,1972,batch_all,11.2,16
/home/v-haibinlai/haibin/lj_data/LJ/6v,Q_58,185,batch_all,10.4,16
/home/v-haibinlai/haibin/lj_data/LJ/6v,Q_59,5356,batch_all,11.8,16
/home/v-haibinlai/haibin/lj_data/LJ/6v,Q_6,20034,batch_all,12.4,16
/home/v-haibinlai/haibin/lj_data/LJ/6v,Q_60,9509,batch_all,13.3,16
/home/v-haibinlai/haibin/lj_data/LJ/6v,Q_61,30915,batch_all,14.3,16
/home/v-haibinlai/haibin/lj_data/LJ/6v,Q_62,2393,batch_all,10.4,16
/home/v-haibinlai/haibin/lj_data/LJ/6v,Q_63,5176,batch_all,11.6,16
/home/v-haibinlai/haibin/lj_data/LJ/6v,Q_64,24177,batch_all,16.7,16
/home/v-haibinlai/haibin/lj_data/LJ/6v,Q_65,0,batch_all,11.2,16
/home/v-haibinlai/haibin/lj_data/LJ/6v,Q_66,73687,batch_all,16.3,16
/home/v-haibinlai/haibin/lj_data/LJ/6v,Q_67,72,batch_all,9.9,16
/home/v-haibinlai/haibin/lj_data/LJ/6v,Q_68,5281,batch_all,10.7,16
/home/v-haibinlai/haibin/lj_data/LJ/6v,Q_69,8160,batch_all,12.6,16
/home/v-haibinlai/haibin/lj_data/LJ/6v,Q_7,3439,batch_all,11.5,16
/home/v-haibinlai/haibin/lj_data/LJ/6v,Q_70,125628,batch_all,28.3,16
/home/v-haibinlai/haibin/lj_data/LJ/6v,Q_71,17612,batch_all,14.1,16
/home/v-haibinlai/haibin/lj_data/LJ/6v,Q_72,17699,batch_all,16.5,16
/home/v-haibinlai/haibin/lj_data/LJ/6v,Q_73,675,batch_all,10.6,16
/home/v-haibinlai/haibin/lj_data/LJ/6v,Q_74,7205,batch_all,13.8,16
/home/v-haibinlai/haibin/lj_data/LJ/6v,Q_75,17033,batch_all,12.9,16
/home/v-haibinlai/haibin/lj_data/LJ/6v,Q_76,2518,batch_all,12.6,16
/home/v-haibinlai/haibin/lj_data/LJ/6v,Q_77,19328,batch_all,16.0,16
/home/v-haibinlai/haibin/lj_data/LJ/6v,Q_78,499,batch_all,11.2,16
/home/v-haibinlai/haibin/lj_data/LJ/6v,Q_79,1116,batch_all,10.3,16
/home/v-haibinlai/haibin/lj_data/LJ/6v,Q_8,46834,batch_all,16.1,16
/home/v-haibinlai/haibin/lj_data/LJ/6v,Q_80,CRASH,batch_all,0.0,16
/home/v-haibinlai/haibin/lj_data/LJ/6v,Q_81,1140,batch_all,12.3,16
/home/v-haibinlai/haibin/lj_data/LJ/6v,Q_82,28822,batch_all,13.7,16
/home/v-haibinlai/haibin/lj_data/LJ/6v,Q_83,13987,batch_all,11.5,16
/home/v-haibinlai/haibin/lj_data/LJ/6v,Q_84,41,batch_all,10.2,16
/home/v-haibinlai/haibin/lj_data/LJ/6v,Q_85,1626,batch_all,10.3,16
/home/v-haibinlai/haibin/lj_data/LJ/6v,Q_86,52077,batch_all,14.2,16
/home/v-haibinlai/haibin/lj_data/LJ/6v,Q_87,43289,batch_all,14.1,16
/home/v-haibinlai/haibin/lj_data/LJ/6v,Q_88,3228,batch_all,10.5,16
/home/v-haibinlai/haibin/lj_data/LJ/6v,Q_89,1999,batch_all,10.2,16
/home/v-haibinlai/haibin/lj_data/LJ/6v,Q_9,1,batch_all,10.0,16
/home/v-haibinlai/haibin/lj_data/LJ/6v,Q_90,75462,batch_all,17.3,16
/home/v-haibinlai/haibin/lj_data/LJ/6v,Q_91,68720,batch_all,17.8,16
/home/v-haibinlai/haibin/lj_data/LJ/6v,Q_92,9348,batch_all,11.5,16
/home/v-haibinlai/haibin/lj_data/LJ/6v,Q_93,8632,batch_all,10.4,16
/home/v-haibinlai/haibin/lj_data/LJ/6v,Q_94,27871,batch_all,13.1,16
/home/v-haibinlai/haibin/lj_data/LJ/6v,Q_95,826101,batch_all,95.3,16
/home/v-haibinlai/haibin/lj_data/LJ/6v,Q_96,78166,batch_all,20.1,16
/home/v-haibinlai/haibin/lj_data/LJ/6v,Q_97,569752,batch_all,86.6,16
/home/v-haibinlai/haibin/lj_data/LJ/6v,Q_98,75263,batch_all,21.2,16
/home/v-haibinlai/haibin/lj_data/LJ/6v,Q_99,24355,batch_all,15.3,16
/home/v-haibinlai/haibin/lj_data/LJ/7v,Q_1,30,batch_all,11.3,16
/home/v-haibinlai/haibin/lj_data/LJ/7v,Q_10,30,batch_all,10.3,16
/home/v-haibinlai/haibin/lj_data/LJ/7v,Q_100,78765,batch_all,23.2,16
/home/v-haibinlai/haibin/lj_data/LJ/7v,Q_11,94081,batch_all,27.4,16
/home/v-haibinlai/haibin/lj_data/LJ/7v,Q_12,4531,batch_all,11.0,16
/home/v-haibinlai/haibin/lj_data/LJ/7v,Q_13,15407,batch_all,12.4,16
/home/v-haibinlai/haibin/lj_data/LJ/7v,Q_14,6346,batch_all,11.6,16
/home/v-haibinlai/haibin/lj_data/LJ/7v,Q_15,0,batch_all,9.7,16
/home/v-haibinlai/haibin/lj_data/LJ/7v,Q_16,4756,batch_all,12.9,16
/home/v-haibinlai/haibin/lj_data/LJ/7v,Q_17,2861,batch_all,11.0,16
/home/v-haibinlai/haibin/lj_data/LJ/7v,Q_18,282520,batch_all,36.1,16
/home/v-haibinlai/haibin/lj_data/LJ/7v,Q_19,46305,batch_all,14.6,16
/home/v-haibinlai/haibin/lj_data/LJ/7v,Q_2,4531,batch_all,10.2,16
/home/v-haibinlai/haibin/lj_data/LJ/7v,Q_20,693390,batch_all,103.3,16
/home/v-haibinlai/haibin/lj_data/LJ/7v,Q_21,139234,batch_all,21.3,16
/home/v-haibinlai/haibin/lj_data/LJ/7v,Q_22,1057534,batch_all,98.3,16
/home/v-haibinlai/haibin/lj_data/LJ/7v,Q_23,74595,batch_all,29.3,16
/home/v-haibinlai/haibin/lj_data/LJ/7v,Q_24,28145,batch_all,12.8,16
/home/v-haibinlai/haibin/lj_data/LJ/7v,Q_25,194297,batch_all,32.6,16
/home/v-haibinlai/haibin/lj_data/LJ/7v,Q_26,699657,batch_all,56.6,16
/home/v-haibinlai/haibin/lj_data/LJ/7v,Q_27,88936,batch_all,21.4,16
/home/v-haibinlai/haibin/lj_data/LJ/7v,Q_28,1098,batch_all,12.7,16
/home/v-haibinlai/haibin/lj_data/LJ/7v,Q_29,7459,batch_all,11.0,16
/home/v-haibinlai/haibin/lj_data/LJ/7v,Q_3,6346,batch_all,12.0,16
/home/v-haibinlai/haibin/lj_data/LJ/7v,Q_30,CRASH,batch_all,0.0,16
/home/v-haibinlai/haibin/lj_data/LJ/7v,Q_31,175792,batch_all,22.8,16
/home/v-haibinlai/haibin/lj_data/LJ/7v,Q_32,42485,batch_all,13.3,16
/home/v-haibinlai/haibin/lj_data/LJ/7v,Q_33,579279,batch_all,72.3,16
/home/v-haibinlai/haibin/lj_data/LJ/7v,Q_34,156771,batch_all,25.6,16
/home/v-haibinlai/haibin/lj_data/LJ/7v,Q_35,302967,batch_all,49.5,16
/home/v-haibinlai/haibin/lj_data/LJ/7v,Q_36,343362,batch_all,71.3,16
/home/v-haibinlai/haibin/lj_data/LJ/7v,Q_37,260980,batch_all,29.4,16
/home/v-haibinlai/haibin/lj_data/LJ/7v,Q_38,9978,batch_all,11.1,16
/home/v-haibinlai/haibin/lj_data/LJ/7v,Q_39,3798,batch_all,12.7,16
/home/v-haibinlai/haibin/lj_data/LJ/7v,Q_4,4756,batch_all,12.3,16
/home/v-haibinlai/haibin/lj_data/LJ/7v,Q_40,454806,batch_all,55.8,16
/home/v-haibinlai/haibin/lj_data/LJ/7v,Q_41,315,batch_all,10.2,16
/home/v-haibinlai/haibin/lj_data/LJ/7v,Q_42,107530,batch_all,22.8,16
/home/v-haibinlai/haibin/lj_data/LJ/7v,Q_43,590126,batch_all,78.4,16
/home/v-haibinlai/haibin/lj_data/LJ/7v,Q_44,4975,batch_all,11.2,16
/home/v-haibinlai/haibin/lj_data/LJ/7v,Q_45,8547,batch_all,11.3,16
/home/v-haibinlai/haibin/lj_data/LJ/7v,Q_46,1423,batch_all,11.5,16
/home/v-haibinlai/haibin/lj_data/LJ/7v,Q_47,878566,batch_all,96.4,16
/home/v-haibinlai/haibin/lj_data/LJ/7v,Q_48,15373,batch_all,13.6,16
/home/v-haibinlai/haibin/lj_data/LJ/7v,Q_49,155579,batch_all,19.2,16
/home/v-haibinlai/haibin/lj_data/LJ/7v,Q_5,282520,batch_all,36.0,16
/home/v-haibinlai/haibin/lj_data/LJ/7v,Q_50,47473,batch_all,15.1,16
/home/v-haibinlai/haibin/lj_data/LJ/7v,Q_51,50573,batch_all,17.2,16
/home/v-haibinlai/haibin/lj_data/LJ/7v,Q_52,63180,batch_all,14.2,16
/home/v-haibinlai/haibin/lj_data/LJ/7v,Q_53,71281,batch_all,25.3,16
/home/v-haibinlai/haibin/lj_data/LJ/7v,Q_54,10731,batch_all,12.2,16
/home/v-haibinlai/haibin/lj_data/LJ/7v,Q_55,1506803,batch_all,167.3,16
/home/v-haibinlai/haibin/lj_data/LJ/7v,Q_56,66388,batch_all,27.3,16
/home/v-haibinlai/haibin/lj_data/LJ/7v,Q_57,CRASH,batch_all,0.0,16
/home/v-haibinlai/haibin/lj_data/LJ/7v,Q_58,15908,batch_all,12.8,16
/home/v-haibinlai/haibin/lj_data/LJ/7v,Q_59,66658,batch_all,22.6,16
/home/v-haibinlai/haibin/lj_data/LJ/7v,Q_6,693390,batch_all,102.2,16
/home/v-haibinlai/haibin/lj_data/LJ/7v,Q_60,2571777,batch_all,165.3,16
/home/v-haibinlai/haibin/lj_data/LJ/7v,Q_61,127806,batch_all,39.9,16
/home/v-haibinlai/haibin/lj_data/LJ/7v,Q_62,1194756,batch_all,114.4,16
/home/v-haibinlai/haibin/lj_data/LJ/7v,Q_63,835782,batch_all,75.1,16
/home/v-haibinlai/haibin/lj_data/LJ/7v,Q_64,76575,batch_all,19.7,16
/home/v-haibinlai/haibin/lj_data/LJ/7v,Q_65,127399,batch_all,26.8,16
/home/v-haibinlai/haibin/lj_data/LJ/7v,Q_66,51054,batch_all,41.7,16
/home/v-haibinlai/haibin/lj_data/LJ/7v,Q_67,92515,batch_all,91.9,16
/home/v-haibinlai/haibin/lj_data/LJ/7v,Q_68,17699,batch_all,31.0,16
/home/v-haibinlai/haibin/lj_data/LJ/7v,Q_69,49785,batch_all,18.6,16
/home/v-haibinlai/haibin/lj_data/LJ/7v,Q_7,302967,batch_all,47.2,16
/home/v-haibinlai/haibin/lj_data/LJ/7v,Q_70,146934,batch_all,27.9,16
/home/v-haibinlai/haibin/lj_data/LJ/7v,Q_71,1230520,batch_all,99.7,16
/home/v-haibinlai/haibin/lj_data/LJ/7v,Q_72,645,batch_all,19.1,16
/home/v-haibinlai/haibin/lj_data/LJ/7v,Q_73,253741,batch_all,29.9,16
/home/v-haibinlai/haibin/lj_data/LJ/7v,Q_74,78251,batch_all,50.0,16
/home/v-haibinlai/haibin/lj_data/LJ/7v,Q_75,331,batch_all,10.7,16
/home/v-haibinlai/haibin/lj_data/LJ/7v,Q_76,362023,batch_all,47.3,16
/home/v-haibinlai/haibin/lj_data/LJ/7v,Q_77,163444,batch_all,26.7,16
/home/v-haibinlai/haibin/lj_data/LJ/7v,Q_78,2157,batch_all,17.2,16
/home/v-haibinlai/haibin/lj_data/LJ/7v,Q_79,158,batch_all,10.5,16
/home/v-haibinlai/haibin/lj_data/LJ/7v,Q_8,47473,batch_all,18.1,16
/home/v-haibinlai/haibin/lj_data/LJ/7v,Q_80,215168,batch_all,21.4,16
/home/v-haibinlai/haibin/lj_data/LJ/7v,Q_81,9947,batch_all,10.8,16
/home/v-haibinlai/haibin/lj_data/LJ/7v,Q_82,387,batch_all,10.1,16
/home/v-haibinlai/haibin/lj_data/LJ/7v,Q_83,58189,batch_all,16.8,16
/home/v-haibinlai/haibin/lj_data/LJ/7v,Q_84,6726,batch_all,10.5,16
/home/v-haibinlai/haibin/lj_data/LJ/7v,Q_85,92410,batch_all,30.2,16
/home/v-haibinlai/haibin/lj_data/LJ/7v,Q_86,102956,batch_all,123.3,16
/home/v-haibinlai/haibin/lj_data/LJ/7v,Q_87,7722,batch_all,11.0,16
/home/v-haibinlai/haibin/lj_data/LJ/7v,Q_88,776,batch_all,10.0,16
/home/v-haibinlai/haibin/lj_data/LJ/7v,Q_89,401740,batch_all,50.8,16
/home/v-haibinlai/haibin/lj_data/LJ/7v,Q_9,215168,batch_all,21.8,16
/home/v-haibinlai/haibin/lj_data/LJ/7v,Q_90,203216,batch_all,26.1,16
/home/v-haibinlai/haibin/lj_data/LJ/7v,Q_91,58371,batch_all,18.8,16
/home/v-haibinlai/haibin/lj_data/LJ/7v,Q_92,49875,batch_all,16.9,16
/home/v-haibinlai/haibin/lj_data/LJ/7v,Q_93,910464,batch_all,125.4,16
/home/v-haibinlai/haibin/lj_data/LJ/7v,Q_94,3578,batch_all,10.5,16
/home/v-haibinlai/haibin/lj_data/LJ/7v,Q_95,2887159,batch_all,238.5,16
/home/v-haibinlai/haibin/lj_data/LJ/7v,Q_96,915979,batch_all,57.6,16
/home/v-haibinlai/haibin/lj_data/LJ/7v,Q_97,356505,batch_all,47.5,16
/home/v-haibinlai/haibin/lj_data/LJ/7v,Q_98,265475,batch_all,25.9,16
/home/v-haibinlai/haibin/lj_data/LJ/7v,Q_99,1147489,batch_all,195.2,16
/home/v-haibinlai/haibin/lj_data/LJ/8v,Q_1,14023498,batch_all,1629.0,16
/home/v-haibinlai/haibin/lj_data/LJ/8v,Q_10,2674945,batch_all,205.1,16
/home/v-haibinlai/haibin/lj_data/LJ/8v,Q_100,5106311,batch_all,378.5,16
/home/v-haibinlai/haibin/lj_data/LJ/8v,Q_11,196665,batch_all,272.7,16
/home/v-haibinlai/haibin/lj_data/LJ/8v,Q_12,2643838,batch_all,640.0,16
/home/v-haibinlai/haibin/lj_data/LJ/8v,Q_13,575944904,batch_all,63953.8,16
/home/v-haibinlai/haibin/lj_data/LJ/8v,Q_14,7433828,batch_all,963.6,16
/home/v-haibinlai/haibin/lj_data/LJ/8v,Q_15,11610628,batch_all,574.1,16
/home/v-haibinlai/haibin/lj_data/LJ/8v,Q_16,1432925,batch_all,125.8,16
/home/v-haibinlai/haibin/lj_data/LJ/8v,Q_17,15089224,batch_all,1385.5,16
/home/v-haibinlai/haibin/lj_data/LJ/8v,Q_18,1367325,batch_all,131.1,16
/home/v-haibinlai/haibin/lj_data/LJ/8v,Q_19,11497427,batch_all,985.2,16
/home/v-haibinlai/haibin/lj_data/LJ/8v,Q_2,1940363,batch_all,176.6,16
/home/v-haibinlai/haibin/lj_data/LJ/8v,Q_20,17938248,batch_all,964.5,16
/home/v-haibinlai/haibin/lj_data/LJ/8v,Q_21,1295297,batch_all,126.3,16
/home/v-haibinlai/haibin/lj_data/LJ/8v,Q_22,718438,batch_all,81.9,16
/home/v-haibinlai/haibin/lj_data/LJ/8v,Q_23,5920549,batch_all,463.2,16
/home/v-haibinlai/haibin/lj_data/LJ/8v,Q_24,0,batch_all,10.2,16
/home/v-haibinlai/haibin/lj_data/LJ/8v,Q_25,8550689,batch_all,715.8,16
/home/v-haibinlai/haibin/lj_data/LJ/8v,Q_26,2567582,batch_all,186.7,16
/home/v-haibinlai/haibin/lj_data/LJ/8v,Q_27,528430120,batch_all,61801.3,16
/home/v-haibinlai/haibin/lj_data/LJ/8v,Q_28,21186891,batch_all,1917.1,16
/home/v-haibinlai/haibin/lj_data/LJ/8v,Q_29,9119007,batch_all,1219.4,16
/home/v-haibinlai/haibin/lj_data/LJ/8v,Q_3,14693472,batch_all,870.7,16
/home/v-haibinlai/haibin/lj_data/LJ/8v,Q_30,23184422,batch_all,2268.6,16
/home/v-haibinlai/haibin/lj_data/LJ/8v,Q_31,799787,batch_all,104.6,16
/home/v-haibinlai/haibin/lj_data/LJ/8v,Q_32,799787,batch_all,105.3,16
/home/v-haibinlai/haibin/lj_data/LJ/8v,Q_33,4087338,batch_all,298.8,16
/home/v-haibinlai/haibin/lj_data/LJ/8v,Q_34,172193,batch_all,32.4,16
/home/v-haibinlai/haibin/lj_data/LJ/8v,Q_35,140229956,batch_all,16548.9,16
/home/v-haibinlai/haibin/lj_data/LJ/8v,Q_36,5886422,batch_all,689.8,16
/home/v-haibinlai/haibin/lj_data/LJ/8v,Q_37,1552245,batch_all,94.7,16
/home/v-haibinlai/haibin/lj_data/LJ/8v,Q_38,1520856,batch_all,154.3,16
/home/v-haibinlai/haibin/lj_data/LJ/8v,Q_39,7590662,batch_all,726.0,16
/home/v-haibinlai/haibin/lj_data/LJ/8v,Q_4,14095840,batch_all,1018.3,16
/home/v-haibinlai/haibin/lj_data/LJ/8v,Q_40,1846595,batch_all,200.4,16
/home/v-haibinlai/haibin/lj_data/LJ/8v,Q_41,2272305726,batch_all,184760.7,16
/home/v-haibinlai/haibin/lj_data/LJ/8v,Q_42,171816,batch_all,31.4,16
/home/v-haibinlai/haibin/lj_data/LJ/8v,Q_43,17786,batch_all,11.4,16
/home/v-haibinlai/haibin/lj_data/LJ/8v,Q_44,548946,batch_all,48.1,16
/home/v-haibinlai/haibin/lj_data/LJ/8v,Q_45,4108248,batch_all,434.5,16
/home/v-haibinlai/haibin/lj_data/LJ/8v,Q_46,89429,batch_all,23.3,16
/home/v-haibinlai/haibin/lj_data/LJ/8v,Q_47,1720,batch_all,11.3,16
/home/v-haibinlai/haibin/lj_data/LJ/8v,Q_48,992360,batch_all,111.1,16
/home/v-haibinlai/haibin/lj_data/LJ/8v,Q_49,288456,batch_all,28.6,16
/home/v-haibinlai/haibin/lj_data/LJ/8v,Q_5,25376991,batch_all,1619.3,16
/home/v-haibinlai/haibin/lj_data/LJ/8v,Q_50,8927726,batch_all,1174.9,16
/home/v-haibinlai/haibin/lj_data/LJ/8v,Q_51,1432925,batch_all,125.3,16
/home/v-haibinlai/haibin/lj_data/LJ/8v,Q_52,15089224,batch_all,1399.1,16
/home/v-haibinlai/haibin/lj_data/LJ/8v,Q_53,1367325,batch_all,130.9,16
/home/v-haibinlai/haibin/lj_data/LJ/8v,Q_54,11497427,batch_all,980.5,16
/home/v-haibinlai/haibin/lj_data/LJ/8v,Q_55,17938248,batch_all,963.8,16
/home/v-haibinlai/haibin/lj_data/LJ/8v,Q_56,1295297,batch_all,126.0,16
/home/v-haibinlai/haibin/lj_data/LJ/8v,Q_57,718438,batch_all,83.2,16
/home/v-haibinlai/haibin/lj_data/LJ/8v,Q_58,5920549,batch_all,440.0,16
/home/v-haibinlai/haibin/lj_data/LJ/8v,Q_59,0,batch_all,9.8,16
/home/v-haibinlai/haibin/lj_data/LJ/8v,Q_6,18787,batch_all,13.9,16
/home/v-haibinlai/haibin/lj_data/LJ/8v,Q_60,8550689,batch_all,714.9,16
/home/v-haibinlai/haibin/lj_data/LJ/8v,Q_61,2567582,batch_all,187.2,16
/home/v-haibinlai/haibin/lj_data/LJ/8v,Q_62,528430120,batch_all,61570.3,16
/home/v-haibinlai/haibin/lj_data/LJ/8v,Q_63,21186891,batch_all,1950.3,16
/home/v-haibinlai/haibin/lj_data/LJ/8v,Q_64,9119007,batch_all,1221.7,16
/home/v-haibinlai/haibin/lj_data/LJ/8v,Q_65,23184422,batch_all,2267.7,16
/home/v-haibinlai/haibin/lj_data/LJ/8v,Q_66,799787,batch_all,105.3,16
/home/v-haibinlai/haibin/lj_data/LJ/8v,Q_67,4087338,batch_all,298.9,16
/home/v-haibinlai/haibin/lj_data/LJ/8v,Q_68,172193,batch_all,31.9,16
/home/v-haibinlai/haibin/lj_data/LJ/8v,Q_69,140229956,batch_all,16580.1,16
/home/v-haibinlai/haibin/lj_data/LJ/8v,Q_7,236751289,batch_all,20521.1,16
/home/v-haibinlai/haibin/lj_data/LJ/8v,Q_70,5886422,batch_all,690.6,16
/home/v-haibinlai/haibin/lj_data/LJ/8v,Q_71,1552245,batch_all,94.2,16
/home/v-haibinlai/haibin/lj_data/LJ/8v,Q_72,1520856,batch_all,153.5,16
/home/v-haibinlai/haibin/lj_data/LJ/8v,Q_73,7590662,batch_all,726.0,16
/home/v-haibinlai/haibin/lj_data/LJ/8v,Q_74,1846595,batch_all,200.5,16
/home/v-haibinlai/haibin/lj_data/LJ/8v,Q_75,2272305726,batch_all,184903.3,16
/home/v-haibinlai/haibin/lj_data/LJ/8v,Q_76,171816,batch_all,31.6,16
/home/v-haibinlai/haibin/lj_data/LJ/8v,Q_77,17786,batch_all,11.3,16
/home/v-haibinlai/haibin/lj_data/LJ/8v,Q_78,548946,batch_all,48.0,16
/home/v-haibinlai/haibin/lj_data/LJ/8v,Q_79,4108248,batch_all,481.1,16
/home/v-haibinlai/haibin/lj_data/LJ/8v,Q_8,1656963846,batch_all,169816.6,16
/home/v-haibinlai/haibin/lj_data/LJ/8v,Q_80,89429,batch_all,23.2,16
/home/v-haibinlai/haibin/lj_data/LJ/8v,Q_81,1720,batch_all,11.1,16
/home/v-haibinlai/haibin/lj_data/LJ/8v,Q_82,992360,batch_all,111.1,16
/home/v-haibinlai/haibin/lj_data/LJ/8v,Q_83,288456,batch_all,28.4,16
/home/v-haibinlai/haibin/lj_data/LJ/8v,Q_84,8927726,batch_all,1176.2,16
/home/v-haibinlai/haibin/lj_data/LJ/8v,Q_85,215353,batch_all,24.2,16
/home/v-haibinlai/haibin/lj_data/LJ/8v,Q_86,121237,batch_all,32.5,16
/home/v-haibinlai/haibin/lj_data/LJ/8v,Q_87,408,batch_all,10.0,16
/home/v-haibinlai/haibin/lj_data/LJ/8v,Q_88,3845839,batch_all,303.9,16
/home/v-haibinlai/haibin/lj_data/LJ/8v,Q_89,308190,batch_all,101.6,16
/home/v-haibinlai/haibin/lj_data/LJ/8v,Q_9,26433544,batch_all,1742.7,16
/home/v-haibinlai/haibin/lj_data/LJ/8v,Q_90,1257325,batch_all,160.5,16
/home/v-haibinlai/haibin/lj_data/LJ/8v,Q_91,31449,batch_all,13.5,16
/home/v-haibinlai/haibin/lj_data/LJ/8v,Q_92,194456,batch_all,25.9,16
/home/v-haibinlai/haibin/lj_data/LJ/8v,Q_93,1452696,batch_all,102.7,16
/home/v-haibinlai/haibin/lj_data/LJ/8v,Q_94,130925,batch_all,35.4,16
/home/v-haibinlai/haibin/lj_data/LJ/8v,Q_95,279709,batch_all,95.4,16
/home/v-haibinlai/haibin/lj_data/LJ/8v,Q_96,993556,batch_all,357.9,16
/home/v-haibinlai/haibin/lj_data/LJ/8v,Q_97,381,batch_all,10.3,16
/home/v-haibinlai/haibin/lj_data/LJ/8v,Q_98,12042441,batch_all,1417.7,16
/home/v-haibinlai/haibin/lj_data/LJ/8v,Q_99,365286,batch_all,192.7,16
/home/v-haibinlai/haibin/lj_data/LJ/9v,Q_1,36902613,batch_all,1438.8,16
/home/v-haibinlai/haibin/lj_data/LJ/9v,Q_10,60322186,batch_all,3916.2,16
/home/v-haibinlai/haibin/lj_data/LJ/9v,Q_100,28472,batch_all,16.0,16
/home/v-haibinlai/haibin/lj_data/LJ/9v,Q_11,3524091,batch_all,314.1,16
/home/v-haibinlai/haibin/lj_data/LJ/9v,Q_12,332793801,batch_all,18494.0,16
/home/v-haibinlai/haibin/lj_data/LJ/9v,Q_13,1260422986,batch_all,71886.7,16
/home/v-haibinlai/haibin/lj_data/LJ/9v,Q_14,2878010,batch_all,896.0,16
/home/v-haibinlai/haibin/lj_data/LJ/9v,Q_15,2567644356,batch_all,273137.8,16
/home/v-haibinlai/haibin/lj_data/LJ/9v,Q_16,46533500,batch_all,3091.7,16
/home/v-haibinlai/haibin/lj_data/LJ/9v,Q_17,566971428,batch_all,32754.9,16
/home/v-haibinlai/haibin/lj_data/LJ/9v,Q_18,1224981911,batch_all,120515.4,16
/home/v-haibinlai/haibin/lj_data/LJ/9v,Q_19,TIMEOUT,batch_all,7179426.7,16
/home/v-haibinlai/haibin/lj_data/LJ/9v,Q_2,7102258,batch_all,2721.0,16
/home/v-haibinlai/haibin/lj_data/LJ/9v,Q_20,17954579,batch_all,5930.0,16
/home/v-haibinlai/haibin/lj_data/LJ/9v,Q_21,250024003,batch_all,43485.4,16
/home/v-haibinlai/haibin/lj_data/LJ/9v,Q_22,255997072,batch_all,20578.6,16
/home/v-haibinlai/haibin/lj_data/LJ/9v,Q_23,114182811,batch_all,7196.2,16
/home/v-haibinlai/haibin/lj_data/LJ/9v,Q_24,13434953,batch_all,1022.8,16
/home/v-haibinlai/haibin/lj_data/LJ/9v,Q_25,3988081,batch_all,586.4,16
/home/v-haibinlai/haibin/lj_data/LJ/9v,Q_26,181354640,batch_all,18761.7,16
/home/v-haibinlai/haibin/lj_data/LJ/9v,Q_27,294492317,batch_all,21793.4,16
/home/v-haibinlai/haibin/lj_data/LJ/9v,Q_28,47998331,batch_all,6252.3,16
/home/v-haibinlai/haibin/lj_data/LJ/9v,Q_29,777311755,batch_all,39033.5,16
/home/v-haibinlai/haibin/lj_data/LJ/9v,Q_3,314473584,batch_all,22692.4,16
/home/v-haibinlai/haibin/lj_data/LJ/9v,Q_30,9394500560,batch_all,898194.2,16
/home/v-haibinlai/haibin/lj_data/LJ/9v,Q_31,36150811,batch_all,7025.9,16
/home/v-haibinlai/haibin/lj_data/LJ/9v,Q_32,83922463,batch_all,5791.1,16
/home/v-haibinlai/haibin/lj_data/LJ/9v,Q_33,726450394,batch_all,38956.6,16
/home/v-haibinlai/haibin/lj_data/LJ/9v,Q_34,2252073,batch_all,258.5,16
/home/v-haibinlai/haibin/lj_data/LJ/9v,Q_35,100923842,batch_all,10180.6,16
/home/v-haibinlai/haibin/lj_data/LJ/9v,Q_36,10,batch_all,11.6,16
/home/v-haibinlai/haibin/lj_data/LJ/9v,Q_37,382921393,batch_all,22708.8,16
/home/v-haibinlai/haibin/lj_data/LJ/9v,Q_38,620441,batch_all,246.9,16
/home/v-haibinlai/haibin/lj_data/LJ/9v,Q_39,508287392,batch_all,60998.9,16
/home/v-haibinlai/haibin/lj_data/LJ/9v,Q_4,26780183,batch_all,4477.9,16
/home/v-haibinlai/haibin/lj_data/LJ/9v,Q_40,549818016,batch_all,44854.1,16
/home/v-haibinlai/haibin/lj_data/LJ/9v,Q_41,1733476,batch_all,201.3,16
/home/v-haibinlai/haibin/lj_data/LJ/9v,Q_42,937591148,batch_all,101272.1,16
/home/v-haibinlai/haibin/lj_data/LJ/9v,Q_43,60885097,batch_all,7260.6,16
/home/v-haibinlai/haibin/lj_data/LJ/9v,Q_44,156146304,batch_all,24325.6,16
/home/v-haibinlai/haibin/lj_data/LJ/9v,Q_45,76551763,batch_all,3903.1,16
/home/v-haibinlai/haibin/lj_data/LJ/9v,Q_46,211291894,batch_all,14727.1,16
/home/v-haibinlai/haibin/lj_data/LJ/9v,Q_47,973464,batch_all,143.6,16
/home/v-haibinlai/haibin/lj_data/LJ/9v,Q_48,4663916,batch_all,1080.4,16
/home/v-haibinlai/haibin/lj_data/LJ/9v,Q_49,20990632840,batch_all,1463528.3,16
/home/v-haibinlai/haibin/lj_data/LJ/9v,Q_5,107241612,batch_all,9325.0,16
/home/v-haibinlai/haibin/lj_data/LJ/9v,Q_50,11106365,batch_all,1396.0,16
/home/v-haibinlai/haibin/lj_data/LJ/9v,Q_51,143097661,batch_all,14958.5,16
/home/v-haibinlai/haibin/lj_data/LJ/9v,Q_52,2914671,batch_all,286.9,16
/home/v-haibinlai/haibin/lj_data/LJ/9v,Q_53,14840777,batch_all,1683.0,16
/home/v-haibinlai/haibin/lj_data/LJ/9v,Q_54,1726244,batch_all,127.2,16
/home/v-haibinlai/haibin/lj_data/LJ/9v,Q_55,285027960,batch_all,30843.3,16
/home/v-haibinlai/haibin/lj_data/LJ/9v,Q_56,15020999,batch_all,1353.1,16
/home/v-haibinlai/haibin/lj_data/LJ/9v,Q_57,10608390,batch_all,1739.7,16
/home/v-haibinlai/haibin/lj_data/LJ/9v,Q_58,29465555,batch_all,2401.0,16
/home/v-haibinlai/haibin/lj_data/LJ/9v,Q_59,2869580177,batch_all,307277.1,16
/home/v-haibinlai/haibin/lj_data/LJ/9v,Q_6,55540930,batch_all,2323.0,16
/home/v-haibinlai/haibin/lj_data/LJ/9v,Q_60,250024003,batch_all,43568.6,16
/home/v-haibinlai/haibin/lj_data/LJ/9v,Q_61,255997072,batch_all,15558.6,16
/home/v-haibinlai/haibin/lj_data/LJ/9v,Q_62,114182811,batch_all,7206.5,16
/home/v-haibinlai/haibin/lj_data/LJ/9v,Q_63,13434953,batch_all,1033.1,16
/home/v-haibinlai/haibin/lj_data/LJ/9v,Q_64,3988081,batch_all,586.3,16
/home/v-haibinlai/haibin/lj_data/LJ/9v,Q_65,181354640,batch_all,16874.9,16
/home/v-haibinlai/haibin/lj_data/LJ/9v,Q_66,294492317,batch_all,21809.0,16
/home/v-haibinlai/haibin/lj_data/LJ/9v,Q_67,47998331,batch_all,6247.9,16
/home/v-haibinlai/haibin/lj_data/LJ/9v,Q_68,777311755,batch_all,39578.4,16
/home/v-haibinlai/haibin/lj_data/LJ/9v,Q_69,9394500560,batch_all,1005594.8,16
/home/v-haibinlai/haibin/lj_data/LJ/9v,Q_7,197363204,batch_all,20553.8,16
/home/v-haibinlai/haibin/lj_data/LJ/9v,Q_70,36150811,batch_all,7024.0,16
/home/v-haibinlai/haibin/lj_data/LJ/9v,Q_71,83922463,batch_all,5978.3,16
/home/v-haibinlai/haibin/lj_data/LJ/9v,Q_72,726450394,batch_all,38953.5,16
/home/v-haibinlai/haibin/lj_data/LJ/9v,Q_73,2252073,batch_all,259.4,16
/home/v-haibinlai/haibin/lj_data/LJ/9v,Q_74,100923842,batch_all,10447.9,16
/home/v-haibinlai/haibin/lj_data/LJ/9v,Q_75,10,batch_all,10.4,16
/home/v-haibinlai/haibin/lj_data/LJ/9v,Q_76,382921393,batch_all,22737.9,16
/home/v-haibinlai/haibin/lj_data/LJ/9v,Q_77,620441,batch_all,255.4,16
/home/v-haibinlai/haibin/lj_data/LJ/9v,Q_78,508287392,batch_all,60832.7,16
/home/v-haibinlai/haibin/lj_data/LJ/9v,Q_79,549818016,batch_all,44808.1,16
/home/v-haibinlai/haibin/lj_data/LJ/9v,Q_8,692555520,batch_all,73779.2,16
/home/v-haibinlai/haibin/lj_data/LJ/9v,Q_80,1733476,batch_all,202.1,16
/home/v-haibinlai/haibin/lj_data/LJ/9v,Q_81,937591148,batch_all,101176.0,16
/home/v-haibinlai/haibin/lj_data/LJ/9v,Q_82,60885097,batch_all,7275.4,16
/home/v-haibinlai/haibin/lj_data/LJ/9v,Q_83,156146304,batch_all,24351.4,16
/home/v-haibinlai/haibin/lj_data/LJ/9v,Q_84,153439293,batch_all,22353.7,16
/home/v-haibinlai/haibin/lj_data/LJ/9v,Q_85,349669,batch_all,230.9,16
/home/v-haibinlai/haibin/lj_data/LJ/9v,Q_86,297975,batch_all,27.5,16
/home/v-haibinlai/haibin/lj_data/LJ/9v,Q_87,821715,batch_all,393.0,16
/home/v-haibinlai/haibin/lj_data/LJ/9v,Q_88,3091,batch_all,13.5,16
/home/v-haibinlai/haibin/lj_data/LJ/9v,Q_89,64582615,batch_all,9950.2,16
/home/v-haibinlai/haibin/lj_data/LJ/9v,Q_9,6455003949,batch_all,419274.1,16
/home/v-haibinlai/haibin/lj_data/LJ/9v,Q_90,42307743,batch_all,5314.3,16
/home/v-haibinlai/haibin/lj_data/LJ/9v,Q_91,444656,batch_all,187.5,16
/home/v-haibinlai/haibin/lj_data/LJ/9v,Q_92,3303583,batch_all,358.3,16
/home/v-haibinlai/haibin/lj_data/LJ/9v,Q_93,2049,batch_all,10.7,16
/home/v-haibinlai/haibin/lj_data/LJ/9v,Q_94,29731163,batch_all,31402.7,16
/home/v-haibinlai/haibin/lj_data/LJ/9v,Q_95,109052564,batch_all,15566.8,16
/home/v-haibinlai/haibin/lj_data/LJ/9v,Q_96,121245616,batch_all,13101.6,16
/home/v-haibinlai/haibin/lj_data/LJ/9v,Q_97,133402609,batch_all,11908.0,16
/home/v-haibinlai/haibin/lj_data/LJ/9v,Q_98,9748847,batch_all,1058.0,16
/home/v-haibinlai/haibin/lj_data/LJ/9v,Q_99,186476928,batch_all,16835.8,16
