/home/v-haibinlai/haibin/lj_data/LJ/6v,Q_1,8632,gpu_bfs,853.1,8
/home/v-haibinlai/haibin/lj_data/LJ/6v,Q_10,5113,gpu_bfs,828.5,8
/home/v-haibinlai/haibin/lj_data/LJ/6v,Q_100,74509,gpu_bfs,838.6,8
/home/v-haibinlai/haibin/lj_data/LJ/6v,Q_11,288,gpu_bfs,828.9,8
/home/v-haibinlai/haibin/lj_data/LJ/6v,Q_12,8098,gpu_bfs,840.5,8
/home/v-haibinlai/haibin/lj_data/LJ/6v,Q_13,5124,gpu_bfs,835.8,8
/home/v-haibinlai/haibin/lj_data/LJ/6v,Q_14,27201,gpu_bfs,850.2,8
/home/v-haibinlai/haibin/lj_data/LJ/6v,Q_15,32860,gpu_bfs,830.3,8
/home/v-haibinlai/haibin/lj_data/LJ/6v,Q_16,399,gpu_bfs,829.0,8
/home/v-haibinlai/haibin/lj_data/LJ/6v,Q_17,14631,gpu_bfs,832.0,8
/home/v-haibinlai/haibin/lj_data/LJ/6v,Q_18,820,gpu_bfs,831.5,8
/home/v-haibinlai/haibin/lj_data/LJ/6v,Q_19,CRASH,gpu_bfs,0.0,8
/home/v-haibinlai/haibin/lj_data/LJ/6v,Q_2,78166,gpu_bfs,834.5,8
/home/v-haibinlai/haibin/lj_data/LJ/6v,Q_20,6922,gpu_bfs,835.6,8
/home/v-haibinlai/haibin/lj_data/LJ/6v,Q_21,547,gpu_bfs,835.7,8
/home/v-haibinlai/haibin/lj_data/LJ/6v,Q_22,10571,gpu_bfs,856.8,8
/home/v-haibinlai/haibin/lj_data/LJ/6v,Q_23,58557,gpu_bfs,844.0,8
/home/v-haibinlai/haibin/lj_data/LJ/6v,Q_24,18450,gpu_bfs,829.6,8
/home/v-haibinlai/haibin/lj_data/LJ/6v,Q_25,12364,gpu_bfs,828.6,8
/home/v-haibinlai/haibin/lj_data/LJ/6v,Q_26,7664,gpu_bfs,836.2,8
/home/v-haibinlai/haibin/lj_data/LJ/6v,Q_27,133435,gpu_bfs,830.6,8
/home/v-haibinlai/haibin/lj_data/LJ/6v,Q_28,44816,gpu_bfs,829.9,8
/home/v-haibinlai/haibin/lj_data/LJ/6v,Q_29,12151,gpu_bfs,830.5,8
/home/v-haibinlai/haibin/lj_data/LJ/6v,Q_3,24355,gpu_bfs,834.5,8
/home/v-haibinlai/haibin/lj_data/LJ/6v,Q_30,14883,gpu_bfs,838.0,8
/home/v-haibinlai/haibin/lj_data/LJ/6v,Q_31,15091,gpu_bfs,835.5,8
/home/v-haibinlai/haibin/lj_data/LJ/6v,Q_32,3972,gpu_bfs,834.7,8
/home/v-haibinlai/haibin/lj_data/LJ/6v,Q_33,692,gpu_bfs,829.8,8
/home/v-haibinlai/haibin/lj_data/LJ/6v,Q_34,48106,gpu_bfs,844.8,8
/home/v-haibinlai/haibin/lj_data/LJ/6v,Q_35,25100,gpu_bfs,838.3,8
/home/v-haibinlai/haibin/lj_data/LJ/6v,Q_36,8397,gpu_bfs,823.7,8
/home/v-haibinlai/haibin/lj_data/LJ/6v,Q_37,1210,gpu_bfs,847.2,8
/home/v-haibinlai/haibin/lj_data/LJ/6v,Q_38,3758,gpu_bfs,838.0,8
/home/v-haibinlai/haibin/lj_data/LJ/6v,Q_39,33330,gpu_bfs,844.3,8
/home/v-haibinlai/haibin/lj_data/LJ/6v,Q_4,40520,gpu_bfs,839.7,8
/home/v-haibinlai/haibin/lj_data/LJ/6v,Q_40,7901,gpu_bfs,840.7,8
/home/v-haibinlai/haibin/lj_data/LJ/6v,Q_41,71477,gpu_bfs,836.9,8
/home/v-haibinlai/haibin/lj_data/LJ/6v,Q_42,16724,gpu_bfs,836.4,8
/home/v-haibinlai/haibin/lj_data/LJ/6v,Q_43,33124,gpu_bfs,831.1,8
/home/v-haibinlai/haibin/lj_data/LJ/6v,Q_44,180278,gpu_bfs,833.4,8
/home/v-haibinlai/haibin/lj_data/LJ/6v,Q_45,30297,gpu_bfs,863.2,8
/home/v-haibinlai/haibin/lj_data/LJ/6v,Q_46,23515,gpu_bfs,839.1,8
/home/v-haibinlai/haibin/lj_data/LJ/6v,Q_47,971,gpu_bfs,832.8,8
/home/v-haibinlai/haibin/lj_data/LJ/6v,Q_48,10053,gpu_bfs,833.1,8
/home/v-haibinlai/haibin/lj_data/LJ/6v,Q_49,3220,gpu_bfs,826.9,8
/home/v-haibinlai/haibin/lj_data/LJ/6v,Q_5,1873,gpu_bfs,844.4,8
/home/v-haibinlai/haibin/lj_data/LJ/6v,Q_50,26494,gpu_bfs,831.1,8
/home/v-haibinlai/haibin/lj_data/LJ/6v,Q_51,177089,gpu_bfs,887.4,8
/home/v-haibinlai/haibin/lj_data/LJ/6v,Q_52,46,gpu_bfs,827.4,8
/home/v-haibinlai/haibin/lj_data/LJ/6v,Q_53,12310,gpu_bfs,851.3,8
/home/v-haibinlai/haibin/lj_data/LJ/6v,Q_54,8054,gpu_bfs,839.4,8
/home/v-haibinlai/haibin/lj_data/LJ/6v,Q_55,170476,gpu_bfs,857.5,8
/home/v-haibinlai/haibin/lj_data/LJ/6v,Q_56,66272,gpu_bfs,851.5,8
/home/v-haibinlai/haibin/lj_data/LJ/6v,Q_57,1972,gpu_bfs,835.7,8
/home/v-haibinlai/haibin/lj_data/LJ/6v,Q_58,185,gpu_bfs,844.3,8
/home/v-haibinlai/haibin/lj_data/LJ/6v,Q_59,5356,gpu_bfs,847.7,8
/home/v-haibinlai/haibin/lj_data/LJ/6v,Q_6,20034,gpu_bfs,834.0,8
/home/v-haibinlai/haibin/lj_data/LJ/6v,Q_60,9509,gpu_bfs,833.9,8
/home/v-haibinlai/haibin/lj_data/LJ/6v,Q_61,30915,gpu_bfs,836.0,8
/home/v-haibinlai/haibin/lj_data/LJ/6v,Q_62,2393,gpu_bfs,833.1,8
/home/v-haibinlai/haibin/lj_data/LJ/6v,Q_63,5176,gpu_bfs,846.9,8
/home/v-haibinlai/haibin/lj_data/LJ/6v,Q_64,24177,gpu_bfs,832.7,8
/home/v-haibinlai/haibin/lj_data/LJ/6v,Q_65,0,gpu_bfs,832.0,8
/home/v-haibinlai/haibin/lj_data/LJ/6v,Q_66,73687,gpu_bfs,852.3,8
/home/v-haibinlai/haibin/lj_data/LJ/6v,Q_67,72,gpu_bfs,835.3,8
/home/v-haibinlai/haibin/lj_data/LJ/6v,Q_68,5281,gpu_bfs,842.4,8
/home/v-haibinlai/haibin/lj_data/LJ/6v,Q_69,8160,gpu_bfs,843.1,8
/home/v-haibinlai/haibin/lj_data/LJ/6v,Q_7,3439,gpu_bfs,847.3,8
/home/v-haibinlai/haibin/lj_data/LJ/6v,Q_70,125628,gpu_bfs,834.3,8
/home/v-haibinlai/haibin/lj_data/LJ/6v,Q_71,17612,gpu_bfs,834.7,8
/home/v-haibinlai/haibin/lj_data/LJ/6v,Q_72,17699,gpu_bfs,847.7,8
/home/v-haibinlai/haibin/lj_data/LJ/6v,Q_73,675,gpu_bfs,830.1,8
/home/v-haibinlai/haibin/lj_data/LJ/6v,Q_74,7205,gpu_bfs,847.5,8
/home/v-haibinlai/haibin/lj_data/LJ/6v,Q_75,17033,gpu_bfs,856.3,8
/home/v-haibinlai/haibin/lj_data/LJ/6v,Q_76,2518,gpu_bfs,836.4,8
/home/v-haibinlai/haibin/lj_data/LJ/6v,Q_77,19328,gpu_bfs,827.8,8
/home/v-haibinlai/haibin/lj_data/LJ/6v,Q_78,499,gpu_bfs,844.0,8
/home/v-haibinlai/haibin/lj_data/LJ/6v,Q_79,1116,gpu_bfs,837.6,8
/home/v-haibinlai/haibin/lj_data/LJ/6v,Q_8,46834,gpu_bfs,832.7,8
/home/v-haibinlai/haibin/lj_data/LJ/6v,Q_80,CRASH,gpu_bfs,0.0,8
/home/v-haibinlai/haibin/lj_data/LJ/6v,Q_81,1140,gpu_bfs,853.7,8
/home/v-haibinlai/haibin/lj_data/LJ/6v,Q_82,28822,gpu_bfs,844.9,8
/home/v-haibinlai/haibin/lj_data/LJ/6v,Q_83,13987,gpu_bfs,847.5,8
/home/v-haibinlai/haibin/lj_data/LJ/6v,Q_84,41,gpu_bfs,843.6,8
/home/v-haibinlai/haibin/lj_data/LJ/6v,Q_85,1626,gpu_bfs,853.5,8
/home/v-haibinlai/haibin/lj_data/LJ/6v,Q_86,52077,gpu_bfs,852.7,8
/home/v-haibinlai/haibin/lj_data/LJ/6v,Q_87,43289,gpu_bfs,839.1,8
/home/v-haibinlai/haibin/lj_data/LJ/6v,Q_88,3228,gpu_bfs,847.6,8
/home/v-haibinlai/haibin/lj_data/LJ/6v,Q_89,1999,gpu_bfs,847.2,8
/home/v-haibinlai/haibin/lj_data/LJ/6v,Q_9,1,gpu_bfs,843.7,8
/home/v-haibinlai/haibin/lj_data/LJ/6v,Q_90,75462,gpu_bfs,839.9,8
/home/v-haibinlai/haibin/lj_data/LJ/6v,Q_91,68720,gpu_bfs,833.6,8
/home/v-haibinlai/haibin/lj_data/LJ/6v,Q_92,9348,gpu_bfs,844.0,8
/home/v-haibinlai/haibin/lj_data/LJ/6v,Q_93,8632,gpu_bfs,842.5,8
/home/v-haibinlai/haibin/lj_data/LJ/6v,Q_94,27871,gpu_bfs,838.6,8
/home/v-haibinlai/haibin/lj_data/LJ/6v,Q_95,826101,gpu_bfs,853.1,8
/home/v-haibinlai/haibin/lj_data/LJ/6v,Q_96,78166,gpu_bfs,844.6,8
/home/v-haibinlai/haibin/lj_data/LJ/6v,Q_97,569752,gpu_bfs,832.1,8
/home/v-haibinlai/haibin/lj_data/LJ/6v,Q_98,75263,gpu_bfs,858.0,8
/home/v-haibinlai/haibin/lj_data/LJ/6v,Q_99,24355,gpu_bfs,842.0,8
/home/v-haibinlai/haibin/lj_data/LJ/7v,Q_1,30,gpu_bfs,855.4,8
/home/v-haibinlai/haibin/lj_data/LJ/7v,Q_10,30,gpu_bfs,832.1,8
/home/v-haibinlai/haibin/lj_data/LJ/7v,Q_100,78765,gpu_bfs,833.7,8
/home/v-haibinlai/haibin/lj_data/LJ/7v,Q_11,94081,gpu_bfs,833.0,8
/home/v-haibinlai/haibin/lj_data/LJ/7v,Q_12,4531,gpu_bfs,832.6,8
/home/v-haibinlai/haibin/lj_data/LJ/7v,Q_13,15407,gpu_bfs,833.7,8
/home/v-haibinlai/haibin/lj_data/LJ/7v,Q_14,6346,gpu_bfs,829.4,8
/home/v-haibinlai/haibin/lj_data/LJ/7v,Q_15,0,gpu_bfs,841.9,8
/home/v-haibinlai/haibin/lj_data/LJ/7v,Q_16,4756,gpu_bfs,836.6,8
/home/v-haibinlai/haibin/lj_data/LJ/7v,Q_17,2861,gpu_bfs,867.6,8
/home/v-haibinlai/haibin/lj_data/LJ/7v,Q_18,282520,gpu_bfs,842.6,8
/home/v-haibinlai/haibin/lj_data/LJ/7v,Q_19,46305,gpu_bfs,830.2,8
/home/v-haibinlai/haibin/lj_data/LJ/7v,Q_2,4531,gpu_bfs,832.8,8
/home/v-haibinlai/haibin/lj_data/LJ/7v,Q_20,693390,gpu_bfs,846.9,8
/home/v-haibinlai/haibin/lj_data/LJ/7v,Q_21,139234,gpu_bfs,831.7,8
/home/v-haibinlai/haibin/lj_data/LJ/7v,Q_22,1057534,gpu_bfs,854.2,8
/home/v-haibinlai/haibin/lj_data/LJ/7v,Q_23,74595,gpu_bfs,858.8,8
/home/v-haibinlai/haibin/lj_data/LJ/7v,Q_24,28145,gpu_bfs,846.0,8
/home/v-haibinlai/haibin/lj_data/LJ/7v,Q_25,194297,gpu_bfs,839.8,8
/home/v-haibinlai/haibin/lj_data/LJ/7v,Q_26,699657,gpu_bfs,836.4,8
/home/v-haibinlai/haibin/lj_data/LJ/7v,Q_27,88936,gpu_bfs,837.6,8
/home/v-haibinlai/haibin/lj_data/LJ/7v,Q_28,1098,gpu_bfs,842.4,8
/home/v-haibinlai/haibin/lj_data/LJ/7v,Q_29,7459,gpu_bfs,834.7,8
/home/v-haibinlai/haibin/lj_data/LJ/7v,Q_3,6346,gpu_bfs,835.8,8
/home/v-haibinlai/haibin/lj_data/LJ/7v,Q_30,CRASH,gpu_bfs,0.0,8
/home/v-haibinlai/haibin/lj_data/LJ/7v,Q_31,175792,gpu_bfs,843.7,8
/home/v-haibinlai/haibin/lj_data/LJ/7v,Q_32,42485,gpu_bfs,842.0,8
/home/v-haibinlai/haibin/lj_data/LJ/7v,Q_33,579279,gpu_bfs,849.5,8
/home/v-haibinlai/haibin/lj_data/LJ/7v,Q_34,156771,gpu_bfs,838.1,8
/home/v-haibinlai/haibin/lj_data/LJ/7v,Q_35,302967,gpu_bfs,887.6,8
/home/v-haibinlai/haibin/lj_data/LJ/7v,Q_36,343362,gpu_bfs,843.3,8
/home/v-haibinlai/haibin/lj_data/LJ/7v,Q_37,260980,gpu_bfs,864.3,8
/home/v-haibinlai/haibin/lj_data/LJ/7v,Q_38,9978,gpu_bfs,842.3,8
/home/v-haibinlai/haibin/lj_data/LJ/7v,Q_39,3798,gpu_bfs,854.3,8
/home/v-haibinlai/haibin/lj_data/LJ/7v,Q_4,4756,gpu_bfs,856.3,8
/home/v-haibinlai/haibin/lj_data/LJ/7v,Q_40,454806,gpu_bfs,846.4,8
/home/v-haibinlai/haibin/lj_data/LJ/7v,Q_41,315,gpu_bfs,839.2,8
/home/v-haibinlai/haibin/lj_data/LJ/7v,Q_42,107530,gpu_bfs,860.8,8
/home/v-haibinlai/haibin/lj_data/LJ/7v,Q_43,590126,gpu_bfs,841.4,8
/home/v-haibinlai/haibin/lj_data/LJ/7v,Q_44,4975,gpu_bfs,864.4,8
/home/v-haibinlai/haibin/lj_data/LJ/7v,Q_45,8547,gpu_bfs,852.6,8
/home/v-haibinlai/haibin/lj_data/LJ/7v,Q_46,1423,gpu_bfs,840.4,8
/home/v-haibinlai/haibin/lj_data/LJ/7v,Q_47,878566,gpu_bfs,828.7,8
/home/v-haibinlai/haibin/lj_data/LJ/7v,Q_48,15373,gpu_bfs,859.9,8
/home/v-haibinlai/haibin/lj_data/LJ/7v,Q_49,155579,gpu_bfs,852.4,8
/home/v-haibinlai/haibin/lj_data/LJ/7v,Q_5,282520,gpu_bfs,848.3,8
/home/v-haibinlai/haibin/lj_data/LJ/7v,Q_50,47473,gpu_bfs,846.5,8
/home/v-haibinlai/haibin/lj_data/LJ/7v,Q_51,50573,gpu_bfs,838.4,8
/home/v-haibinlai/haibin/lj_data/LJ/7v,Q_52,63180,gpu_bfs,840.0,8
/home/v-haibinlai/haibin/lj_data/LJ/7v,Q_53,71281,gpu_bfs,851.7,8
/home/v-haibinlai/haibin/lj_data/LJ/7v,Q_54,10731,gpu_bfs,835.6,8
/home/v-haibinlai/haibin/lj_data/LJ/7v,Q_55,1506803,gpu_bfs,842.0,8
/home/v-haibinlai/haibin/lj_data/LJ/7v,Q_56,66388,gpu_bfs,844.2,8
/home/v-haibinlai/haibin/lj_data/LJ/7v,Q_57,CRASH,gpu_bfs,0.0,8
/home/v-haibinlai/haibin/lj_data/LJ/7v,Q_58,15908,gpu_bfs,851.7,8
/home/v-haibinlai/haibin/lj_data/LJ/7v,Q_59,66658,gpu_bfs,838.7,8
/home/v-haibinlai/haibin/lj_data/LJ/7v,Q_6,693390,gpu_bfs,853.8,8
/home/v-haibinlai/haibin/lj_data/LJ/7v,Q_60,2571777,gpu_bfs,868.9,8
/home/v-haibinlai/haibin/lj_data/LJ/7v,Q_61,127806,gpu_bfs,836.3,8
/home/v-haibinlai/haibin/lj_data/LJ/7v,Q_62,1194756,gpu_bfs,839.9,8
/home/v-haibinlai/haibin/lj_data/LJ/7v,Q_63,835782,gpu_bfs,860.5,8
/home/v-haibinlai/haibin/lj_data/LJ/7v,Q_64,76575,gpu_bfs,861.5,8
/home/v-haibinlai/haibin/lj_data/LJ/7v,Q_65,127399,gpu_bfs,850.0,8
/home/v-haibinlai/haibin/lj_data/LJ/7v,Q_66,51054,gpu_bfs,836.4,8
/home/v-haibinlai/haibin/lj_data/LJ/7v,Q_67,92515,gpu_bfs,865.2,8
/home/v-haibinlai/haibin/lj_data/LJ/7v,Q_68,17699,gpu_bfs,848.4,8
/home/v-haibinlai/haibin/lj_data/LJ/7v,Q_69,49785,gpu_bfs,838.2,8
/home/v-haibinlai/haibin/lj_data/LJ/7v,Q_7,302967,gpu_bfs,864.1,8
/home/v-haibinlai/haibin/lj_data/LJ/7v,Q_70,146934,gpu_bfs,836.5,8
/home/v-haibinlai/haibin/lj_data/LJ/7v,Q_71,1230520,gpu_bfs,843.1,8
/home/v-haibinlai/haibin/lj_data/LJ/7v,Q_72,645,gpu_bfs,833.9,8
/home/v-haibinlai/haibin/lj_data/LJ/7v,Q_73,253741,gpu_bfs,842.5,8
/home/v-haibinlai/haibin/lj_data/LJ/7v,Q_74,78251,gpu_bfs,844.5,8
/home/v-haibinlai/haibin/lj_data/LJ/7v,Q_75,331,gpu_bfs,831.0,8
/home/v-haibinlai/haibin/lj_data/LJ/7v,Q_76,362023,gpu_bfs,836.8,8
/home/v-haibinlai/haibin/lj_data/LJ/7v,Q_77,163444,gpu_bfs,847.6,8
/home/v-haibinlai/haibin/lj_data/LJ/7v,Q_78,2157,gpu_bfs,848.9,8
/home/v-haibinlai/haibin/lj_data/LJ/7v,Q_79,158,gpu_bfs,845.0,8
/home/v-haibinlai/haibin/lj_data/LJ/7v,Q_8,47473,gpu_bfs,834.9,8
/home/v-haibinlai/haibin/lj_data/LJ/7v,Q_80,215168,gpu_bfs,870.3,8
/home/v-haibinlai/haibin/lj_data/LJ/7v,Q_81,9947,gpu_bfs,839.5,8
/home/v-haibinlai/haibin/lj_data/LJ/7v,Q_82,387,gpu_bfs,834.4,8
/home/v-haibinlai/haibin/lj_data/LJ/7v,Q_83,58189,gpu_bfs,844.6,8
/home/v-haibinlai/haibin/lj_data/LJ/7v,Q_84,6726,gpu_bfs,858.0,8
/home/v-haibinlai/haibin/lj_data/LJ/7v,Q_85,92410,gpu_bfs,858.0,8
/home/v-haibinlai/haibin/lj_data/LJ/7v,Q_86,102956,gpu_bfs,857.6,8
/home/v-haibinlai/haibin/lj_data/LJ/7v,Q_87,7722,gpu_bfs,849.6,8
/home/v-haibinlai/haibin/lj_data/LJ/7v,Q_88,776,gpu_bfs,840.6,8
/home/v-haibinlai/haibin/lj_data/LJ/7v,Q_89,401740,gpu_bfs,846.1,8
/home/v-haibinlai/haibin/lj_data/LJ/7v,Q_9,215168,gpu_bfs,846.5,8
/home/v-haibinlai/haibin/lj_data/LJ/7v,Q_90,203216,gpu_bfs,842.1,8
/home/v-haibinlai/haibin/lj_data/LJ/7v,Q_91,58371,gpu_bfs,844.1,8
/home/v-haibinlai/haibin/lj_data/LJ/7v,Q_92,49875,gpu_bfs,850.2,8
/home/v-haibinlai/haibin/lj_data/LJ/7v,Q_93,910464,gpu_bfs,838.4,8
/home/v-haibinlai/haibin/lj_data/LJ/7v,Q_94,3578,gpu_bfs,834.9,8
/home/v-haibinlai/haibin/lj_data/LJ/7v,Q_95,2887159,gpu_bfs,880.7,8
/home/v-haibinlai/haibin/lj_data/LJ/7v,Q_96,915979,gpu_bfs,833.2,8
/home/v-haibinlai/haibin/lj_data/LJ/7v,Q_97,356505,gpu_bfs,838.3,8
/home/v-haibinlai/haibin/lj_data/LJ/7v,Q_98,265475,gpu_bfs,837.8,8
/home/v-haibinlai/haibin/lj_data/LJ/7v,Q_99,1147489,gpu_bfs,834.1,8
/home/v-haibinlai/haibin/lj_data/LJ/8v,Q_1,14023498,gpu_bfs,832.3,8
/home/v-haibinlai/haibin/lj_data/LJ/8v,Q_10,2674945,gpu_bfs,839.7,8
/home/v-haibinlai/haibin/lj_data/LJ/8v,Q_100,5106311,gpu_bfs,842.3,8
/home/v-haibinlai/haibin/lj_data/LJ/8v,Q_11,196665,gpu_bfs,830.2,8
/home/v-haibinlai/haibin/lj_data/LJ/8v,Q_12,2643838,gpu_bfs,838.7,8
/home/v-haibinlai/haibin/lj_data/LJ/8v,Q_13,575944904,gpu_bfs,1047.2,8
/home/v-haibinlai/haibin/lj_data/LJ/8v,Q_14,7433828,gpu_bfs,854.4,8
/home/v-haibinlai/haibin/lj_data/LJ/8v,Q_15,11610628,gpu_bfs,844.2,8
/home/v-haibinlai/haibin/lj_data/LJ/8v,Q_16,1432925,gpu_bfs,844.7,8
/home/v-haibinlai/haibin/lj_data/LJ/8v,Q_17,15089224,gpu_bfs,855.4,8
/home/v-haibinlai/haibin/lj_data/LJ/8v,Q_18,1367325,gpu_bfs,848.3,8
/home/v-haibinlai/haibin/lj_data/LJ/8v,Q_19,11497427,gpu_bfs,838.5,8
/home/v-haibinlai/haibin/lj_data/LJ/8v,Q_2,1940363,gpu_bfs,847.6,8
/home/v-haibinlai/haibin/lj_data/LJ/8v,Q_20,17938248,gpu_bfs,860.3,8
/home/v-haibinlai/haibin/lj_data/LJ/8v,Q_21,1295297,gpu_bfs,855.3,8
/home/v-haibinlai/haibin/lj_data/LJ/8v,Q_22,718438,gpu_bfs,888.5,8
/home/v-haibinlai/haibin/lj_data/LJ/8v,Q_23,5920549,gpu_bfs,855.1,8
/home/v-haibinlai/haibin/lj_data/LJ/8v,Q_24,0,gpu_bfs,863.0,8
/home/v-haibinlai/haibin/lj_data/LJ/8v,Q_25,8550689,gpu_bfs,850.7,8
/home/v-haibinlai/haibin/lj_data/LJ/8v,Q_26,2567582,gpu_bfs,848.8,8
/home/v-haibinlai/haibin/lj_data/LJ/8v,Q_27,528430120,gpu_bfs,987.0,8
/home/v-haibinlai/haibin/lj_data/LJ/8v,Q_28,21186891,gpu_bfs,864.6,8
/home/v-haibinlai/haibin/lj_data/LJ/8v,Q_29,9119007,gpu_bfs,858.0,8
/home/v-haibinlai/haibin/lj_data/LJ/8v,Q_3,14693472,gpu_bfs,851.5,8
/home/v-haibinlai/haibin/lj_data/LJ/8v,Q_30,23184422,gpu_bfs,842.2,8
/home/v-haibinlai/haibin/lj_data/LJ/8v,Q_31,799787,gpu_bfs,829.8,8
/home/v-haibinlai/haibin/lj_data/LJ/8v,Q_32,799787,gpu_bfs,826.1,8
/home/v-haibinlai/haibin/lj_data/LJ/8v,Q_33,4087338,gpu_bfs,870.5,8
/home/v-haibinlai/haibin/lj_data/LJ/8v,Q_34,172193,gpu_bfs,836.7,8
/home/v-haibinlai/haibin/lj_data/LJ/8v,Q_35,140229956,gpu_bfs,933.4,8
/home/v-haibinlai/haibin/lj_data/LJ/8v,Q_36,5886422,gpu_bfs,843.4,8
/home/v-haibinlai/haibin/lj_data/LJ/8v,Q_37,1552245,gpu_bfs,847.3,8
/home/v-haibinlai/haibin/lj_data/LJ/8v,Q_38,1520856,gpu_bfs,834.7,8
/home/v-haibinlai/haibin/lj_data/LJ/8v,Q_39,7590662,gpu_bfs,863.2,8
/home/v-haibinlai/haibin/lj_data/LJ/8v,Q_4,14095840,gpu_bfs,856.7,8
/home/v-haibinlai/haibin/lj_data/LJ/8v,Q_40,1846595,gpu_bfs,841.1,8
/home/v-haibinlai/haibin/lj_data/LJ/8v,Q_41,2272305726,gpu_bfs,2021.2,8
/home/v-haibinlai/haibin/lj_data/LJ/8v,Q_42,171816,gpu_bfs,827.1,8
/home/v-haibinlai/haibin/lj_data/LJ/8v,Q_43,17786,gpu_bfs,829.0,8
/home/v-haibinlai/haibin/lj_data/LJ/8v,Q_44,548946,gpu_bfs,832.4,8
/home/v-haibinlai/haibin/lj_data/LJ/8v,Q_45,4108248,gpu_bfs,865.3,8
/home/v-haibinlai/haibin/lj_data/LJ/8v,Q_46,89429,gpu_bfs,850.9,8
/home/v-haibinlai/haibin/lj_data/LJ/8v,Q_47,1720,gpu_bfs,846.0,8
/home/v-haibinlai/haibin/lj_data/LJ/8v,Q_48,992360,gpu_bfs,837.9,8
/home/v-haibinlai/haibin/lj_data/LJ/8v,Q_49,288456,gpu_bfs,840.6,8
/home/v-haibinlai/haibin/lj_data/LJ/8v,Q_5,25376991,gpu_bfs,868.8,8
/home/v-haibinlai/haibin/lj_data/LJ/8v,Q_50,8927726,gpu_bfs,838.8,8
/home/v-haibinlai/haibin/lj_data/LJ/8v,Q_51,1432925,gpu_bfs,857.1,8
/home/v-haibinlai/haibin/lj_data/LJ/8v,Q_52,15089224,gpu_bfs,856.3,8
/home/v-haibinlai/haibin/lj_data/LJ/8v,Q_53,1367325,gpu_bfs,878.1,8
/home/v-haibinlai/haibin/lj_data/LJ/8v,Q_54,11497427,gpu_bfs,848.1,8
/home/v-haibinlai/haibin/lj_data/LJ/8v,Q_55,17938248,gpu_bfs,864.4,8
/home/v-haibinlai/haibin/lj_data/LJ/8v,Q_56,1295297,gpu_bfs,834.5,8
/home/v-haibinlai/haibin/lj_data/LJ/8v,Q_57,718438,gpu_bfs,858.4,8
/home/v-haibinlai/haibin/lj_data/LJ/8v,Q_58,5920549,gpu_bfs,836.8,8
/home/v-haibinlai/haibin/lj_data/LJ/8v,Q_59,0,gpu_bfs,843.8,8
/home/v-haibinlai/haibin/lj_data/LJ/8v,Q_6,18787,gpu_bfs,836.5,8
/home/v-haibinlai/haibin/lj_data/LJ/8v,Q_60,8550689,gpu_bfs,840.1,8
/home/v-haibinlai/haibin/lj_data/LJ/8v,Q_61,2567582,gpu_bfs,842.8,8
/home/v-haibinlai/haibin/lj_data/LJ/8v,Q_62,528430120,gpu_bfs,997.3,8
/home/v-haibinlai/haibin/lj_data/LJ/8v,Q_63,21186891,gpu_bfs,856.8,8
/home/v-haibinlai/haibin/lj_data/LJ/8v,Q_64,9119007,gpu_bfs,841.1,8
/home/v-haibinlai/haibin/lj_data/LJ/8v,Q_65,23184422,gpu_bfs,842.7,8
/home/v-haibinlai/haibin/lj_data/LJ/8v,Q_66,799787,gpu_bfs,844.9,8
/home/v-haibinlai/haibin/lj_data/LJ/8v,Q_67,4087338,gpu_bfs,850.1,8
/home/v-haibinlai/haibin/lj_data/LJ/8v,Q_68,172193,gpu_bfs,850.9,8
/home/v-haibinlai/haibin/lj_data/LJ/8v,Q_69,140229956,gpu_bfs,928.4,8
/home/v-haibinlai/haibin/lj_data/LJ/8v,Q_7,236751289,gpu_bfs,978.9,8
/home/v-haibinlai/haibin/lj_data/LJ/8v,Q_70,5886422,gpu_bfs,857.0,8
/home/v-haibinlai/haibin/lj_data/LJ/8v,Q_71,1552245,gpu_bfs,848.1,8
/home/v-haibinlai/haibin/lj_data/LJ/8v,Q_72,1520856,gpu_bfs,851.8,8
/home/v-haibinlai/haibin/lj_data/LJ/8v,Q_73,7590662,gpu_bfs,835.0,8
/home/v-haibinlai/haibin/lj_data/LJ/8v,Q_74,1846595,gpu_bfs,846.4,8
/home/v-haibinlai/haibin/lj_data/LJ/8v,Q_75,2272305726,gpu_bfs,2021.1,8
/home/v-haibinlai/haibin/lj_data/LJ/8v,Q_76,171816,gpu_bfs,850.3,8
/home/v-haibinlai/haibin/lj_data/LJ/8v,Q_77,17786,gpu_bfs,838.8,8
/home/v-haibinlai/haibin/lj_data/LJ/8v,Q_78,548946,gpu_bfs,848.1,8
/home/v-haibinlai/haibin/lj_data/LJ/8v,Q_79,4108248,gpu_bfs,858.8,8
/home/v-haibinlai/haibin/lj_data/LJ/8v,Q_8,1656963846,gpu_bfs,1445.5,8
/home/v-haibinlai/haibin/lj_data/LJ/8v,Q_80,89429,gpu_bfs,842.1,8
/home/v-haibinlai/haibin/lj_data/LJ/8v,Q_81,1720,gpu_bfs,851.0,8
/home/v-haibinlai/haibin/lj_data/LJ/8v,Q_82,992360,gpu_bfs,856.2,8
/home/v-haibinlai/haibin/lj_data/LJ/8v,Q_83,288456,gpu_bfs,855.5,8
/home/v-haibinlai/haibin/lj_data/LJ/8v,Q_84,8927726,gpu_bfs,849.7,8
/home/v-haibinlai/haibin/lj_data/LJ/8v,Q_85,215353,gpu_bfs,844.7,8
/home/v-haibinlai/haibin/lj_data/LJ/8v,Q_86,121237,gpu_bfs,841.8,8
/home/v-haibinlai/haibin/lj_data/LJ/8v,Q_87,408,gpu_bfs,837.2,8
/home/v-haibinlai/haibin/lj_data/LJ/8v,Q_88,3845839,gpu_bfs,854.3,8
/home/v-haibinlai/haibin/lj_data/LJ/8v,Q_89,308190,gpu_bfs,843.0,8
/home/v-haibinlai/haibin/lj_data/LJ/8v,Q_9,26433544,gpu_bfs,853.4,8
/home/v-haibinlai/haibin/lj_data/LJ/8v,Q_90,1257325,gpu_bfs,837.6,8
/home/v-haibinlai/haibin/lj_data/LJ/8v,Q_91,31449,gpu_bfs,850.5,8
/home/v-haibinlai/haibin/lj_data/LJ/8v,Q_92,194456,gpu_bfs,862.8,8
/home/v-haibinlai/haibin/lj_data/LJ/8v,Q_93,1452696,gpu_bfs,839.4,8
/home/v-haibinlai/haibin/lj_data/LJ/8v,Q_94,130925,gpu_bfs,836.4,8
/home/v-haibinlai/haibin/lj_data/LJ/8v,Q_95,279709,gpu_bfs,847.8,8
/home/v-haibinlai/haibin/lj_data/LJ/8v,Q_96,993556,gpu_bfs,843.6,8
/home/v-haibinlai/haibin/lj_data/LJ/8v,Q_97,381,gpu_bfs,841.5,8
/home/v-haibinlai/haibin/lj_data/LJ/8v,Q_98,12042441,gpu_bfs,842.5,8
/home/v-haibinlai/haibin/lj_data/LJ/8v,Q_99,365286,gpu_bfs,836.0,8
/home/v-haibinlai/haibin/lj_data/LJ/9v,Q_1,36902613,gpu_bfs,846.4,8
/home/v-haibinlai/haibin/lj_data/LJ/9v,Q_10,60322186,gpu_bfs,843.0,8
/home/v-haibinlai/haibin/lj_data/LJ/9v,Q_100,28472,gpu_bfs,824.3,8
/home/v-haibinlai/haibin/lj_data/LJ/9v,Q_11,3524091,gpu_bfs,838.7,8
/home/v-haibinlai/haibin/lj_data/LJ/9v,Q_12,332793801,gpu_bfs,1026.5,8
/home/v-haibinlai/haibin/lj_data/LJ/9v,Q_13,1260422986,gpu_bfs,1209.1,8
/home/v-haibinlai/haibin/lj_data/LJ/9v,Q_14,2878010,gpu_bfs,832.5,8
/home/v-haibinlai/haibin/lj_data/LJ/9v,Q_15,2567644356,gpu_bfs,1501.9,8
/home/v-haibinlai/haibin/lj_data/LJ/9v,Q_16,46533500,gpu_bfs,849.6,8
/home/v-haibinlai/haibin/lj_data/LJ/9v,Q_17,566971428,gpu_bfs,1030.2,8
/home/v-haibinlai/haibin/lj_data/LJ/9v,Q_18,1224981911,gpu_bfs,1230.3,8
/home/v-haibinlai/haibin/lj_data/LJ/9v,Q_19,66056453602,gpu_bfs,26362.3,8
/home/v-haibinlai/haibin/lj_data/LJ/9v,Q_2,7102258,gpu_bfs,860.7,8
/home/v-haibinlai/haibin/lj_data/LJ/9v,Q_20,17954579,gpu_bfs,851.9,8
/home/v-haibinlai/haibin/lj_data/LJ/9v,Q_21,250024003,gpu_bfs,955.7,8
/home/v-haibinlai/haibin/lj_data/LJ/9v,Q_22,255997072,gpu_bfs,923.9,8
/home/v-haibinlai/haibin/lj_data/LJ/9v,Q_23,114182811,gpu_bfs,864.1,8
/home/v-haibinlai/haibin/lj_data/LJ/9v,Q_24,13434953,gpu_bfs,842.9,8
/home/v-haibinlai/haibin/lj_data/LJ/9v,Q_25,3988081,gpu_bfs,846.2,8
/home/v-haibinlai/haibin/lj_data/LJ/9v,Q_26,181354640,gpu_bfs,924.4,8
/home/v-haibinlai/haibin/lj_data/LJ/9v,Q_27,294492317,gpu_bfs,922.7,8
/home/v-haibinlai/haibin/lj_data/LJ/9v,Q_28,47998331,gpu_bfs,894.1,8
/home/v-haibinlai/haibin/lj_data/LJ/9v,Q_29,777311755,gpu_bfs,1212.6,8
/home/v-haibinlai/haibin/lj_data/LJ/9v,Q_3,314473584,gpu_bfs,955.7,8
/home/v-haibinlai/haibin/lj_data/LJ/9v,Q_30,9394500560,gpu_bfs,3630.4,8
/home/v-haibinlai/haibin/lj_data/LJ/9v,Q_31,36150811,gpu_bfs,907.1,8
/home/v-haibinlai/haibin/lj_data/LJ/9v,Q_32,83922463,gpu_bfs,875.3,8
/home/v-haibinlai/haibin/lj_data/LJ/9v,Q_33,726450394,gpu_bfs,1183.4,8
/home/v-haibinlai/haibin/lj_data/LJ/9v,Q_34,2252073,gpu_bfs,831.4,8
/home/v-haibinlai/haibin/lj_data/LJ/9v,Q_35,100923842,gpu_bfs,862.8,8
/home/v-haibinlai/haibin/lj_data/LJ/9v,Q_36,10,gpu_bfs,831.2,8
/home/v-haibinlai/haibin/lj_data/LJ/9v,Q_37,382921393,gpu_bfs,1002.6,8
/home/v-haibinlai/haibin/lj_data/LJ/9v,Q_38,620441,gpu_bfs,836.6,8
/home/v-haibinlai/haibin/lj_data/LJ/9v,Q_39,508287392,gpu_bfs,978.9,8
/home/v-haibinlai/haibin/lj_data/LJ/9v,Q_4,26780183,gpu_bfs,850.5,8
/home/v-haibinlai/haibin/lj_data/LJ/9v,Q_40,549818016,gpu_bfs,1026.5,8
/home/v-haibinlai/haibin/lj_data/LJ/9v,Q_41,1733476,gpu_bfs,840.7,8
/home/v-haibinlai/haibin/lj_data/LJ/9v,Q_42,937591148,gpu_bfs,1104.4,8
/home/v-haibinlai/haibin/lj_data/LJ/9v,Q_43,60885097,gpu_bfs,878.6,8
/home/v-haibinlai/haibin/lj_data/LJ/9v,Q_44,156146304,gpu_bfs,927.7,8
/home/v-haibinlai/haibin/lj_data/LJ/9v,Q_45,76551763,gpu_bfs,893.1,8
/home/v-haibinlai/haibin/lj_data/LJ/9v,Q_46,211291894,gpu_bfs,945.1,8
/home/v-haibinlai/haibin/lj_data/LJ/9v,Q_47,973464,gpu_bfs,853.9,8
/home/v-haibinlai/haibin/lj_data/LJ/9v,Q_48,4663916,gpu_bfs,868.9,8
/home/v-haibinlai/haibin/lj_data/LJ/9v,Q_49,20990632840,gpu_bfs,12057.7,8
/home/v-haibinlai/haibin/lj_data/LJ/9v,Q_5,107241612,gpu_bfs,900.1,8
/home/v-haibinlai/haibin/lj_data/LJ/9v,Q_50,11106365,gpu_bfs,849.0,8
/home/v-haibinlai/haibin/lj_data/LJ/9v,Q_51,143097661,gpu_bfs,904.5,8
/home/v-haibinlai/haibin/lj_data/LJ/9v,Q_52,2914671,gpu_bfs,843.6,8
/home/v-haibinlai/haibin/lj_data/LJ/9v,Q_53,14840777,gpu_bfs,868.0,8
/home/v-haibinlai/haibin/lj_data/LJ/9v,Q_54,1726244,gpu_bfs,847.8,8
/home/v-haibinlai/haibin/lj_data/LJ/9v,Q_55,285027960,gpu_bfs,926.8,8
/home/v-haibinlai/haibin/lj_data/LJ/9v,Q_56,15020999,gpu_bfs,864.5,8
/home/v-haibinlai/haibin/lj_data/LJ/9v,Q_57,10608390,gpu_bfs,857.3,8
/home/v-haibinlai/haibin/lj_data/LJ/9v,Q_58,29465555,gpu_bfs,846.5,8
/home/v-haibinlai/haibin/lj_data/LJ/9v,Q_59,2869580177,gpu_bfs,1768.0,8
/home/v-haibinlai/haibin/lj_data/LJ/9v,Q_6,55540930,gpu_bfs,858.5,8
/home/v-haibinlai/haibin/lj_data/LJ/9v,Q_60,250024003,gpu_bfs,955.7,8
/home/v-haibinlai/haibin/lj_data/LJ/9v,Q_61,255997072,gpu_bfs,928.4,8
/home/v-haibinlai/haibin/lj_data/LJ/9v,Q_62,114182811,gpu_bfs,869.5,8
/home/v-haibinlai/haibin/lj_data/LJ/9v,Q_63,13434953,gpu_bfs,852.1,8
/home/v-haibinlai/haibin/lj_data/LJ/9v,Q_64,3988081,gpu_bfs,843.5,8
/home/v-haibinlai/haibin/lj_data/LJ/9v,Q_65,181354640,gpu_bfs,920.8,8
/home/v-haibinlai/haibin/lj_data/LJ/9v,Q_66,294492317,gpu_bfs,922.4,8
/home/v-haibinlai/haibin/lj_data/LJ/9v,Q_67,47998331,gpu_bfs,893.8,8
/home/v-haibinlai/haibin/lj_data/LJ/9v,Q_68,777311755,gpu_bfs,1196.5,8
/home/v-haibinlai/haibin/lj_data/LJ/9v,Q_69,9394500560,gpu_bfs,3656.6,8
/home/v-haibinlai/haibin/lj_data/LJ/9v,Q_7,197363204,gpu_bfs,974.1,8
/home/v-haibinlai/haibin/lj_data/LJ/9v,Q_70,36150811,gpu_bfs,913.5,8
/home/v-haibinlai/haibin/lj_data/LJ/9v,Q_71,83922463,gpu_bfs,891.5,8
/home/v-haibinlai/haibin/lj_data/LJ/9v,Q_72,726450394,gpu_bfs,1173.5,8
/home/v-haibinlai/haibin/lj_data/LJ/9v,Q_73,2252073,gpu_bfs,849.0,8
/home/v-haibinlai/haibin/lj_data/LJ/9v,Q_74,100923842,gpu_bfs,880.4,8
/home/v-haibinlai/haibin/lj_data/LJ/9v,Q_75,10,gpu_bfs,845.3,8
/home/v-haibinlai/haibin/lj_data/LJ/9v,Q_76,382921393,gpu_bfs,1006.4,8
/home/v-haibinlai/haibin/lj_data/LJ/9v,Q_77,620441,gpu_bfs,853.5,8
/home/v-haibinlai/haibin/lj_data/LJ/9v,Q_78,508287392,gpu_bfs,1013.3,8
/home/v-haibinlai/haibin/lj_data/LJ/9v,Q_79,549818016,gpu_bfs,1037.7,8
/home/v-haibinlai/haibin/lj_data/LJ/9v,Q_8,692555520,gpu_bfs,1185.4,8
/home/v-haibinlai/haibin/lj_data/LJ/9v,Q_80,1733476,gpu_bfs,863.7,8
/home/v-haibinlai/haibin/lj_data/LJ/9v,Q_81,937591148,gpu_bfs,1104.8,8
/home/v-haibinlai/haibin/lj_data/LJ/9v,Q_82,60885097,gpu_bfs,870.6,8
/home/v-haibinlai/haibin/lj_data/LJ/9v,Q_83,156146304,gpu_bfs,920.6,8
/home/v-haibinlai/haibin/lj_data/LJ/9v,Q_84,153439293,gpu_bfs,913.8,8
/home/v-haibinlai/haibin/lj_data/LJ/9v,Q_85,2584095072,gpu_bfs,1647.9,8
/home/v-haibinlai/haibin/lj_data/LJ/9v,Q_86,297975,gpu_bfs,859.7,8
/home/v-haibinlai/haibin/lj_data/LJ/9v,Q_87,821715,gpu_bfs,849.2,8
/home/v-haibinlai/haibin/lj_data/LJ/9v,Q_88,3091,gpu_bfs,856.1,8
/home/v-haibinlai/haibin/lj_data/LJ/9v,Q_89,64582615,gpu_bfs,879.7,8
/home/v-haibinlai/haibin/lj_data/LJ/9v,Q_9,6455003949,gpu_bfs,2770.3,8
/home/v-haibinlai/haibin/lj_data/LJ/9v,Q_90,42307743,gpu_bfs,864.5,8
/home/v-haibinlai/haibin/lj_data/LJ/9v,Q_91,444656,gpu_bfs,841.8,8
/home/v-haibinlai/haibin/lj_data/LJ/9v,Q_92,3303583,gpu_bfs,838.5,8
/home/v-haibinlai/haibin/lj_data/LJ/9v,Q_93,2049,gpu_bfs,833.8,8
/home/v-haibinlai/haibin/lj_data/LJ/9v,Q_94,29731163,gpu_bfs,971.3,8
/home/v-haibinlai/haibin/lj_data/LJ/9v,Q_95,109052564,gpu_bfs,877.9,8
/home/v-haibinlai/haibin/lj_data/LJ/9v,Q_96,121245616,gpu_bfs,914.3,8
/home/v-haibinlai/haibin/lj_data/LJ/9v,Q_97,133402609,gpu_bfs,871.3,8
/home/v-haibinlai/haibin/lj_data/LJ/9v,Q_98,9748847,gpu_bfs,856.7,8
/home/v-haibinlai/haibin/lj_data/LJ/9v,Q_99,186476928,gpu_bfs,902.3,8
